date,election,state,seat,ballot_order,candidate_uid,name_on_ballot,name,sex,ethnicity,age,party_on_ballot,party_uid,party,coalition_uid,coalition,votes,votes_perc,rank,result
1959-05-20,SE-01,Perlis,N.01 Kaki Bukit,1,CENA6,Yacob Bin Mohamed,Yacob bin Mohamed,M,Malay,-1,PAS,004-PAS,PAS,0,ALONE,855,26.67706708268331,2,lost
1959-05-20,SE-01,Perlis,N.01 Kaki Bukit,2,FWBCF,Loh Ah Tong,Loh Ah Tong,M,Chinese,55,PERIKATAN,003-MCA,MCA,1,PERIKATAN,2350,73.32293291731669,1,won
1959-05-20,SE-01,Perlis,N.02 Paya,1,KA1ER,Hj. Abdullah Bin Ahmad,Abdullah bin Ahmad,M,Malay,-1,PAS,004-PAS,PAS,0,ALONE,1231,37.74915670039865,2,lost
1959-05-20,SE-01,Perlis,N.02 Paya,2,PQQH1,Wan Ahmad Bin Wan Daud,Wan Ahmad bin Wan Daud,M,Malay,69,PERIKATAN,001-UMNO,UMNO,1,PERIKATAN,2030,62.25084329960134,1,won
1959-05-20,SE-01,Perlis,N.03 Mata Ayer,1,T5DKA,Shaikh Ali Ba Junid,Shaikh Ali Ba Junid,M,Malay,-1,BEBAS,000-BEBAS,BEBAS,0,ALONE,711,29.115479115479115,2,lost
1959-05-20,SE-01,Perlis,N.03 Mata Ayer,2,XK3NK,Mahayuddin Bin Dato' Habib,Mahayuddin bin Dato' Habib,M,Malay,-1,PERIKATAN,001-UMNO,UMNO,1,PERIKATAN,1509,61.79361179361179,1,won
1959-05-20,SE-01,Perlis,N.03 Mata Ayer,3,10SQW,Wan Khadzim Bin Wan Din,Wan Khadzim bin Wan Din,M,Malay,26,SF,009-PR,PR,2,SF,222,9.090909090909092,3,lost_deposit
1959-05-20,SE-01,Perlis,N.04 Bandar Kangar,1,4EFT5,Por Swee Giap,Por Swee Giap,M,Chinese,-1,PERIKATAN,003-MCA,MCA,1,PERIKATAN,1156,81.23682361208714,1,won
1959-05-20,SE-01,Perlis,N.04 Bandar Kangar,2,5RS6M,Matt Bin Haji Kassim,Matt bin Kassim,M,Malay,69,BEBAS,000-BEBAS,BEBAS,0,ALONE,267,18.76317638791286,2,lost
1959-05-20,SE-01,Perlis,N.05 Sena,1,7W5WE,Mat Bin Md. Isa,Mat bin Md. Isa,M,Malay,-1,PAS,004-PAS,PAS,0,ALONE,816,33.036437246963565,2,lost
1959-05-20,SE-01,Perlis,N.05 Sena,2,B9VYQ,Wan Ahmad Bin Haji Wan Kassim,Wan Ahmad bin Wan Kassim,M,Malay,-1,PERIKATAN,001-UMNO,UMNO,1,PERIKATAN,1654,66.96356275303643,1,won
1959-05-20,SE-01,Perlis,N.06 Bintong,1,EQJ10,Shafii Bin Omar,Shafii bin Omar,M,Malay,-1,PAS,004-PAS,PAS,0,ALONE,1150,37.12072304712718,2,lost
1959-05-20,SE-01,Perlis,N.06 Bintong,2,2B34B,Sheikh Ahmad Bin Mohd. Hashim,Sheikh Ahmad bin Mohd. Hashim,M,Malay,62,PERIKATAN,001-UMNO,UMNO,1,PERIKATAN,1948,62.87927695287282,1,won
1959-05-20,SE-01,Perlis,N.07 Kurong Anai,1,J5839,Ibrahim Bin Yasin,Ibrahim bin Yasin,M,Malay,-1,PAS,004-PAS,PAS,0,ALONE,889,37.29026845637584,2,lost
1959-05-20,SE-01,Perlis,N.07 Kurong Anai,2,KFHFR,Haji Mokhtar Bin Hj. Ismail,Mokhtar bin Ismail,M,Malay,-1,PERIKATAN,001-UMNO,UMNO,1,PERIKATAN,1495,62.70973154362416,1,won
1959-05-20,SE-01,Perlis,N.08 Arau,1,NJY5J,Tengku Adnan,Tengku Adnan bin Tengku Yahya,M,Malay,-1,PERIKATAN,001-UMNO,UMNO,1,PERIKATAN,1374,57.393483709273184,1,won
1959-05-20,SE-01,Perlis,N.08 Arau,2,G1VDF,Abdulrahman Bin Osman,Abdul Rahman bin Osman,M,Malay,-1,PAS,004-PAS,PAS,0,ALONE,1020,42.606516290726816,2,lost
1959-05-20,SE-01,Perlis,N.09 Hutan Aji,1,S0M7V,Ahmad Bin Salleh,Ahmad bin Salleh,M,Malay,-1,PAS,004-PAS,PAS,0,ALONE,1095,44.49410808614385,2,lost
1959-05-20,SE-01,Perlis,N.09 Hutan Aji,2,WEAA4,Syed Darus Bin Syed Hashim,Syed Darus bin Syed Hashim,M,Malay,-1,PERIKATAN,001-UMNO,UMNO,1,PERIKATAN,1366,55.50589191385615,1,won
1959-05-20,SE-01,Perlis,N.10 Kayang,1,ZW0CD,Haji Keria Bin Wan Nik,Keria bin Wan Nik,M,Malay,-1,PERIKATAN,001-UMNO,UMNO,1,PERIKATAN,1506,58.69056897895557,1,won
1959-05-20,SE-01,Perlis,N.10 Kayang,2,39PEP,Abu Bakar Bin Haji Awang,Abu Bakar bin Awang,M,Malay,-1,PAS,004-PAS,PAS,0,ALONE,889,34.64536243180047,2,lost
1959-05-20,SE-01,Perlis,N.10 Kayang,3,6QCGZ,Zakaria Bin Ishak,Zakaria bin Ishak,M,Malay,-1,SF,009-PR,PR,2,SF,171,6.66406858924396,3,lost_deposit
1959-05-20,SE-01,Perlis,N.11 Kuala Perlis,1,A52K8,Omar Bin Mohamed Said,Omar bin Mohamed Said,M,Malay,-1,PAS,004-PAS,PAS,0,ALONE,535,25.585844093735055,2,lost
1959-05-20,SE-01,Perlis,N.11 Kuala Perlis,2,DJRNH,Yusoff Bin Abu Bakar,Yusoff bin Abu Bakar,M,Malay,-1,PERIKATAN,001-UMNO,UMNO,1,PERIKATAN,1556,74.41415590626494,1,won
1959-05-20,SE-01,Perlis,N.12 Sanglang,1,H0EQT,Ahmad Bin Musa,Ahmad bin Musa,M,Malay,-1,PERIKATAN,001-UMNO,UMNO,1,PERIKATAN,1577,56.44237652111668,1,won
1959-05-20,SE-01,Perlis,N.12 Sanglang,2,ME4T3,Lebai Adnan Bin Abdullah,Lebai Adnan bin Abdullah,M,Malay,-1,PAS,004-PAS,PAS,0,ALONE,1217,43.55762347888332,2,lost
1964-04-25,SE-02,Perlis,N.01 Kaki Bukit,1,Q76RM,Ariffin Bin Jusoh,Ariffin bin Jusoh,M,Malay,-1,PAS,004-PAS,PAS,0,ALONE,1048,26.693835965359142,2,lost
1964-04-25,SE-02,Perlis,N.01 Kaki Bukit,2,FWBCF,Loh Ah Tong,Loh Ah Tong,M,Chinese,60,PERIKATAN,003-MCA,MCA,1,PERIKATAN,2878,73.30616403464086,1,won
1964-04-25,SE-02,Perlis,N.02 Paya,1,TMWTX,Hatun Binti Othman,Hatun binti Othman,F,Malay,-1,PAS,004-PAS,PAS,0,ALONE,1318,37.80837636259323,2,lost
1964-04-25,SE-02,Perlis,N.02 Paya,2,Y2JX6,Che Yook @ Che Yob Bin Che Choh,Che Yook @ Che Yob bin Che Choh,M,Malay,-1,PERIKATAN,001-UMNO,UMNO,1,PERIKATAN,2004,57.48709122203098,1,won
1964-04-25,SE-02,Perlis,N.02 Paya,3,1G8ZF,Ahmad Bin Bakar,Ahmad bin Bakar,M,Malay,-1,BEBAS,000-BEBAS,BEBAS,0,ALONE,164,4.704532415375788,3,lost_deposit
1964-04-25,SE-02,Perlis,N.03 Mata Ayer,1,4XZ1R,Abdullah Bin Haji Hassan,Abdullah bin Hassan,M,Malay,-1,PERIKATAN,001-UMNO,UMNO,1,PERIKATAN,1738,58.65676679041512,1,won
1964-04-25,SE-02,Perlis,N.03 Mata Ayer,2,7AZSA,Ismail Bin Mohamad,Ismail bin Mohamad,M,Malay,-1,PAS,004-PAS,PAS,0,ALONE,1225,41.34323320958488,2,lost
1964-04-25,SE-02,Perlis,N.04 Bandar Kangar,1,10SQW,Wan Khazim Bin Wan Din,Wan Khadzim bin Wan Din,M,Malay,31,SF,009-PR,PR,2,SF,547,26.682926829268293,2,lost
1964-04-25,SE-02,Perlis,N.04 Bandar Kangar,2,4EFT5,Por Swee Giap,Por Swee Giap,M,Chinese,-1,PERIKATAN,003-MCA,MCA,1,PERIKATAN,1503,73.3170731707317,1,won
1964-04-25,SE-02,Perlis,N.05 Sena,1,8BN41,Mohamood Bin Hj. Md. Noor,Mahamood bin Mohd. Noor,M,Malay,-1,PAS,004-PAS,PAS,0,ALONE,959,37.905138339920946,2,lost
1964-04-25,SE-02,Perlis,N.05 Sena,2,B9VYQ,Wan Ahmad Bin Haji Wan Kassim,Wan Ahmad bin Wan Kassim,M,Malay,-1,PERIKATAN,001-UMNO,UMNO,1,PERIKATAN,1571,62.09486166007905,1,won
1964-04-25,SE-02,Perlis,N.06 Bintong,1,BSB6A,Syed Omar Bin Syed Hussin,Syed Omar bin Syed Hussin,M,Malay,-1,PERIKATAN,001-UMNO,UMNO,1,PERIKATAN,2168,62.29885057471264,1,won
1964-04-25,SE-02,Perlis,N.06 Bintong,2,F718K,Abdul Rahman Bin Hamid,Abdul Rahman bin Hamid,M,Malay,-1,PAS,004-PAS,PAS,0,ALONE,1312,37.701149425287355,2,lost
1964-04-25,SE-02,Perlis,N.07 Kurong Anai,1,JMQAW,Haji Wan Ahmad Bin Wan Abdullah,Wan Ahmad bin Wan Abdullah,M,Malay,-1,PERIKATAN,001-UMNO,UMNO,1,PERIKATAN,1733,61.47570060305073,1,won
1964-04-25,SE-02,Perlis,N.07 Kurong Anai,2,S0M7V,Ahmad Bin Salleh,Ahmad bin Salleh,M,Malay,-1,PAS,004-PAS,PAS,0,ALONE,1086,38.524299396949274,2,lost
1964-04-25,SE-02,Perlis,N.08 Arau,1,P2DD5,Yahya Bin Baginda,Yahya bin Baginda,M,Malay,-1,PAS,004-PAS,PAS,0,ALONE,1339,45.08417508417508,2,lost
1964-04-25,SE-02,Perlis,N.08 Arau,2,NJY5J,Tengku Adnan Bin Tengku Yahya,Tengku Adnan bin Tengku Yahya,M,Malay,-1,PERIKATAN,001-UMNO,UMNO,1,PERIKATAN,1631,54.91582491582492,1,won
1964-04-25,SE-02,Perlis,N.09 Hutan Aji,1,SG3FE,Taharim Bin Ariffin,Taharim bin Ariffin,M,Malay,50,PAS,004-PAS,PAS,0,ALONE,1680,54.071451560991314,1,won
1964-04-25,SE-02,Perlis,N.09 Hutan Aji,2,WEAA4,Syed Darus Bin Syed Hashim,Syed Darus bin Syed Hashim,M,Malay,-1,PERIKATAN,001-UMNO,UMNO,1,PERIKATAN,1427,45.928548439008686,2,lost
1964-04-25,SE-02,Perlis,N.10 Kayang,1,39PEP,Abu Bakar Bin Haji Awang,Abu Bakar bin Awang,M,Malay,-1,PAS,004-PAS,PAS,0,ALONE,1120,39.631988676574665,2,lost
1964-04-25,SE-02,Perlis,N.10 Kayang,2,DJRNH,Yusoff Bin Abu Bakar,Yusoff bin Abu Bakar,M,Malay,-1,PERIKATAN,001-UMNO,UMNO,1,PERIKATAN,1706,60.36801132342534,1,won
1964-04-25,SE-02,Perlis,N.11 Kuala Perlis,1,WXSHQ,Yahaya Bin Abdullah,Yahaya bin Abdullah,M,Malay,-1,PAS,004-PAS,PAS,0,ALONE,740,29.482071713147413,2,lost
1964-04-25,SE-02,Perlis,N.11 Kuala Perlis,2,2B34B,Dato' Sheikh Ahmad Bin Md. Hashim,Sheikh Ahmad bin Mohd. Hashim,M,Malay,67,PERIKATAN,001-UMNO,UMNO,1,PERIKATAN,1770,70.5179282868526,1,won
1964-04-25,SE-02,Perlis,N.12 Sanglang,1,0BFM0,Placeholder Candidate,Ghazali bin Husain,M,Malay,-1,PAS,004-PAS,PAS,0,ALONE,1527,46.23069936421435,2,lost
1964-04-25,SE-02,Perlis,N.12 Sanglang,2,H0EQT,Ahmad Bin Musa,Ahmad bin Musa,M,Malay,-1,PERIKATAN,001-UMNO,UMNO,1,PERIKATAN,1776,53.76930063578564,1,won
1969-05-10,SE-03,Perlis,N.01 Kaki Bukit,1,FWBCF,Loh Ah Tong,Loh Ah Tong,M,Chinese,65,PERIKATAN,003-MCA,MCA,1,PERIKATAN,2629,57.69146368224709,1,won
1969-05-10,SE-03,Perlis,N.01 Kaki Bukit,2,RXHC2,Mustaffa Bin Ahmad,Mustaffa bin Ahmad,M,Malay,-1,PAS,004-PAS,PAS,0,ALONE,1539,33.77221856484529,2,lost
1969-05-10,SE-03,Perlis,N.01 Kaki Bukit,3,WB7EB,Che' Mahmud Bin Che Man,Che' Mahmud bin Che Man,M,Malay,-1,PR,009-PR,PR,0,ALONE,389,8.536317752907614,3,lost_deposit
1969-05-10,SE-03,Perlis,N.02 Paya,1,Y2JX6,Che Yook @ Che Yob Bin Che Choh,Che Yook @ Che Yob bin Che Choh,M,Malay,-1,PERIKATAN,001-UMNO,UMNO,1,PERIKATAN,1922,49.005609382967876,1,won
1969-05-10,SE-03,Perlis,N.02 Paya,2,ZRXGM,Ahmad Bin L. Ibrahim,Ahmad bin Long Ibrahim,M,Malay,-1,PAS,004-PAS,PAS,0,ALONE,1814,46.25191228964814,2,lost
1969-05-10,SE-03,Perlis,N.02 Paya,3,36KJX,Abdullah Bin Talib,Abdullah bin Talib,M,Malay,-1,PR,009-PR,PR,0,ALONE,186,4.742478327383988,3,lost_deposit
1969-05-10,SE-03,Perlis,N.03 Mata Ayer,1,4XZ1R,Abdullah Bin Haji Hassan,Abdullah bin Hassan,M,Malay,-1,PERIKATAN,001-UMNO,UMNO,1,PERIKATAN,1623,47.48390871854886,1,won
1969-05-10,SE-03,Perlis,N.03 Mata Ayer,2,6M9N6,Amin Bin Ishak,Amin bin Ishak,M,Malay,-1,PAS,004-PAS,PAS,0,ALONE,1572,45.9918080748976,2,lost
1969-05-10,SE-03,Perlis,N.03 Mata Ayer,3,10SQW,Wan Khazim @ Wan Hussin Bin Wan Din,Wan Khadzim bin Wan Din,M,Malay,36,PR,009-PR,PR,0,ALONE,223,6.52428320655354,3,lost_deposit
1969-05-10,SE-03,Perlis,N.04 Bandar Kangar,1,A1ZQF,Quah Chooi Tong,Quah Chooi Tong,M,Chinese,-1,PERIKATAN,003-MCA,MCA,1,PERIKATAN,1785,78.11816192560175,1,won
1969-05-10,SE-03,Perlis,N.04 Bandar Kangar,2,DFNSR,Ismail Bin Ahmad,Ismail bin Ahmad,M,Malay,-1,PAS,004-PAS,PAS,0,ALONE,500,21.88183807439825,2,lost
1969-05-10,SE-03,Perlis,N.05 Sena,1,B9VYQ,Wan Ahmad Bin Haji Wan Kassim,Wan Ahmad bin Wan Kassim,M,Malay,-1,PERIKATAN,001-UMNO,UMNO,1,PERIKATAN,1594,53.41823056300268,1,won
1969-05-10,SE-03,Perlis,N.05 Sena,2,8BN41,Mahamood Bin Haji Mohd. Noor,Mahamood bin Mohd. Noor,M,Malay,-1,PAS,004-PAS,PAS,0,ALONE,1390,46.58176943699732,2,lost
1969-05-10,SE-03,Perlis,N.06 Bintong,1,BSB6A,Syed Omar Bin Syed Hussin,Syed Omar bin Syed Hussin,M,Malay,-1,PERIKATAN,001-UMNO,UMNO,1,PERIKATAN,2144,52.91214215202369,1,won
1969-05-10,SE-03,Perlis,N.06 Bintong,2,GXBW1,Yusof Bin Osman,Yusof bin Osman,M,Malay,-1,PAS,004-PAS,PAS,0,ALONE,1908,47.0878578479763,2,lost
1969-05-10,SE-03,Perlis,N.07 Kurong Anai,1,JMQAW,Haji Wan Ahmad Bin Wan Abdullah,Wan Ahmad bin Wan Abdullah,M,Malay,-1,PERIKATAN,001-UMNO,UMNO,1,PERIKATAN,1824,52.519435646415204,1,won
1969-05-10,SE-03,Perlis,N.07 Kurong Anai,2,MB1YA,Lebai Saleh Bin Che Mat,Lebai Saleh bin Che Mat,M,Malay,-1,PAS,004-PAS,PAS,0,ALONE,1512,43.53584797005471,2,lost
1969-05-10,SE-03,Perlis,N.07 Kurong Anai,3,QRR0K,Omar Bin Ismail,Omar bin Ismail,M,Malay,-1,PR,009-PR,PR,0,ALONE,137,3.944716383530089,3,lost_deposit
1969-05-10,SE-03,Perlis,N.08 Arau,1,V6E2W,Hussain Bin Abd. Rahman,Hussain bin Abdul Rahman,M,Malay,-1,PAS,004-PAS,PAS,0,ALONE,1907,52.8108557186375,1,won
1969-05-10,SE-03,Perlis,N.08 Arau,2,YM455,Ismail Bin Sheik Ibrahim,Ismail bin Sheik Ibrahim,M,Malay,-1,PERIKATAN,001-UMNO,UMNO,1,PERIKATAN,1704,47.1891442813625,2,lost
1969-05-10,SE-03,Perlis,N.09 Hutan Aji,1,WEAA4,Syed Darus Bin Syed Hashim,Syed Darus bin Syed Hashim,M,Malay,-1,PERIKATAN,001-UMNO,UMNO,1,PERIKATAN,1868,50.215053763440864,1,won
1969-05-10,SE-03,Perlis,N.09 Hutan Aji,2,SG3FE,Taharim Bin Ariffin,Taharim bin Ariffin,M,Malay,55,PAS,004-PAS,PAS,0,ALONE,1852,49.78494623655914,2,lost
1969-05-10,SE-03,Perlis,N.10 Kayang,1,DJRNH,Yusoff Bin Abu Bakar,Yusoff bin Abu Bakar,M,Malay,-1,PERIKATAN,001-UMNO,UMNO,1,PERIKATAN,1805,53.78426698450537,1,won
1969-05-10,SE-03,Perlis,N.10 Kayang,2,P2DD5,Yahya Bin Baginda,Yahya bin Baginda,M,Malay,-1,PAS,004-PAS,PAS,0,ALONE,1551,46.215733015494635,2,lost
1969-05-10,SE-03,Perlis,N.11 Kuala Perlis,1,2B34B,Dato Sheikh Ahmad Bin Mohd. Hashim,Sheikh Ahmad bin Mohd. Hashim,M,Malay,72,PERIKATAN,001-UMNO,UMNO,1,PERIKATAN,1744,59.25925925925925,1,won
1969-05-10,SE-03,Perlis,N.11 Kuala Perlis,2,21T7E,Ali Bin Abdullah,Ali bin Abdullah,M,Malay,-1,PAS,004-PAS,PAS,0,ALONE,1015,34.4886170574244,2,lost
1969-05-10,SE-03,Perlis,N.11 Kuala Perlis,3,5FG9Q,Man Bin Hashim,Man bin Hashim,M,Malay,-1,PR,009-PR,PR,0,ALONE,184,6.252123683316343,3,lost_deposit
1969-05-10,SE-03,Perlis,N.12 Sanglang,1,8X6C0,Jaafar Bin Hassan,Jaafar bin Hassan,M,Malay,44,PERIKATAN,001-UMNO,UMNO,1,PERIKATAN,1973,50.06343567622431,1,won
1969-05-10,SE-03,Perlis,N.12 Sanglang,2,CM5B6,Abu Bakar Bin Hamzah,Abu Bakar bin Hamzah,M,Malay,44,PAS,004-PAS,PAS,0,ALONE,1968,49.93656432377569,2,lost
1974-08-24,SE-04,Perlis,N.01 Titi Tinggi,1,2MQFN,Leong Choon Ling,Leong Choon Ling,M,Chinese,-1,BN,003-MCA,MCA,3,BN,2413,78.62495927012057,1,won
1974-08-24,SE-04,Perlis,N.01 Titi Tinggi,2,62DHY,Ng Cheng Foo,Ng Cheng Foo,M,Chinese,-1,PSRM,009-PSRM,PSRM,0,ALONE,656,21.37504072987944,2,lost
1974-08-24,SE-04,Perlis,N.02 Chuping,1,9G3M7,Ahmad Bin Haji Said,Ahmad bin Said,M,Malay,-1,BN,001-UMNO,UMNO,3,BN,2470,63.82428940568475,1,won
1974-08-24,SE-04,Perlis,N.02 Chuping,2,CXSPG,Ya Bin Ali,Ya bin Ali,M,Malay,-1,BEBAS,000-BEBAS,BEBAS,0,ALONE,1112,28.733850129198967,2,lost
1974-08-24,SE-04,Perlis,N.02 Chuping,3,GBFRS,Md. Ligun Darus,Md. Ligun Darus,M,Malay,-1,PSRM,009-PSRM,PSRM,0,ALONE,288,7.441860465116279,3,lost_deposit
1974-08-24,SE-04,Perlis,N.03 Bintong,1,8X6C0,Jaafar Bin Hassan,Jaafar bin Hassan,M,Malay,49,BN,001-UMNO,UMNO,3,BN,3114,82.09860268916425,1,won
1974-08-24,SE-04,Perlis,N.03 Bintong,2,KS5V2,Saad Bin Ahmad,Saad bin Ahmad,M,Malay,-1,PSRM,009-PSRM,PSRM,0,ALONE,679,17.90139731083575,2,lost
1974-08-24,SE-04,Perlis,N.04 Bandar Kangar,1,Q6VXB,Tan Thean Choo,Tan Thean Choo,M,Chinese,-1,BN,003-MCA,MCA,3,BN,2363,56.50406504065041,1,won
1974-08-24,SE-04,Perlis,N.04 Bandar Kangar,2,10SQW,Wan Khazim Bin Wan Din,Wan Khadzim bin Wan Din,M,Malay,41,PSRM,009-PSRM,PSRM,0,ALONE,869,20.779531324725014,2,lost
1974-08-24,SE-04,Perlis,N.04 Bandar Kangar,3,66HJP,Idrus @ Darus Bin Omar,Idrus bin Omar (Darus),M,Malay,-1,BEBAS,000-BEBAS,BEBAS,0,ALONE,737,17.623146819703493,3,lost
1974-08-24,SE-04,Perlis,N.04 Bandar Kangar,4,TMHZM,Yee Kok Liang,Yee Kok Liang,M,Chinese,-1,BEBAS,000-BEBAS,BEBAS,0,ALONE,213,5.093256814921091,4,lost_deposit
1974-08-24,SE-04,Perlis,N.05 Paya,1,Y281X,Mahmud Bin Haji Hashim,Mahmud bin Hashim,M,Malay,-1,BN,001-UMNO,UMNO,3,BN,0,,1,won_uncontested
1974-08-24,SE-04,Perlis,N.06 Oran,1,4XZ1R,Abdullah Bin Haji Hassan,Abdullah bin Hassan,M,Malay,-1,BN,001-UMNO,UMNO,3,BN,1418,58.25801150369762,1,won
1974-08-24,SE-04,Perlis,N.06 Oran,2,1FY46,Othman Bin Mat,Othman bin Mat,M,Malay,-1,BEBAS,000-BEBAS,BEBAS,0,ALONE,962,39.52341824157765,2,lost
1974-08-24,SE-04,Perlis,N.06 Oran,3,4XM6F,Bakar Ariffin,Bakar Ariffin,M,Malay,-1,PSRM,009-PSRM,PSRM,0,ALONE,35,1.437962202136401,3,lost_deposit
1974-08-24,SE-04,Perlis,N.06 Oran,4,6M9N6,Amin Bin Ishak,Amin bin Ishak,M,Malay,-1,BEBAS,000-BEBAS,BEBAS,0,ALONE,19,0.780608052588332,4,lost_deposit
1974-08-24,SE-04,Perlis,N.07 Kuala Perlis,1,8BA8R,Md. Noor Bin Yub,Md. Noor bin Yub,M,Malay,-1,BN,001-UMNO,UMNO,3,BN,2031,61.90185918927157,1,won
1974-08-24,SE-04,Perlis,N.07 Kuala Perlis,2,BS0B1,Osman Bin Abd. Rahman,Osman bin Abdul Rahman,M,Malay,-1,PSRM,009-PSRM,PSRM,0,ALONE,1250,38.09814081072844,2,lost
1974-08-24,SE-04,Perlis,N.08 Kayang,1,F6PDA,Hazim Bin Abu Bakar,Hazim bin Abu Bakar,M,Malay,-1,BN,001-UMNO,UMNO,3,BN,2012,64.11727214786488,1,won
1974-08-24,SE-04,Perlis,N.08 Kayang,2,JMCFK,Ahmad Amin Bin Ibni,Ahmad Amin bin Ibni,M,Malay,-1,BEBAS,000-BEBAS,BEBAS,0,ALONE,1126,35.88272785213512,2,lost
1974-08-24,SE-04,Perlis,N.09 Utan Aji,1,WEAA4,Syed Darus Bin Syed Hashim,Syed Darus bin Syed Hashim,M,Malay,-1,BN,001-UMNO,UMNO,3,BN,2096,61.71967020023557,1,won
1974-08-24,SE-04,Perlis,N.09 Utan Aji,2,ZB5E4,Saad Man,Saad bin Man,M,Malay,-1,PSRM,009-PSRM,PSRM,0,ALONE,1110,32.685512367491164,2,lost
1974-08-24,SE-04,Perlis,N.09 Utan Aji,3,GXBW1,Yusof Bin Osman,Yusof bin Osman,M,Malay,-1,BEBAS,000-BEBAS,BEBAS,0,ALONE,190,5.5948174322732624,3,lost_deposit
1974-08-24,SE-04,Perlis,N.10 Bandar Arau,1,V6E2W,Hussain Bin Abdul Rahman,Hussain bin Abdul Rahman,M,Malay,-1,BN,004-PAS,PAS,3,BN,2814,84.52988885551217,1,won
1974-08-24,SE-04,Perlis,N.10 Bandar Arau,2,P22HW,Elias Bin Abu Bakar,Elias bin Abu Bakar,M,Malay,-1,BEBAS,000-BEBAS,BEBAS,0,ALONE,515,15.470111144487833,2,lost
1974-08-24,SE-04,Perlis,N.11 Kurong Anai,1,JMQAW,Haji Wan Ahmad Bin Wan Abdullah,Wan Ahmad bin Wan Abdullah,M,Malay,-1,BN,001-UMNO,UMNO,3,BN,2053,58.59018264840182,1,won
1974-08-24,SE-04,Perlis,N.11 Kurong Anai,2,SFRM5,Aishah Salleh,Aishah Salleh,F,Malay,-1,PSRM,009-PSRM,PSRM,0,ALONE,1451,41.40981735159817,2,lost
1974-08-24,SE-04,Perlis,N.12 Sanglang,1,ZRXGM,Ahmad Bin Long,Ahmad bin Long Ibrahim,M,Malay,-1,BN,004-PAS,PAS,3,BN,2109,57.12351029252438,1,won
1974-08-24,SE-04,Perlis,N.12 Sanglang,2,CM5B6,Abu Bakar Bin Hamzah,Abu Bakar bin Hamzah,M,Malay,49,BEBAS,000-BEBAS,BEBAS,0,ALONE,1583,42.87648970747562,2,lost
1978-07-08,SE-05,Perlis,N.01 Titi Tinggi,1,2MQFN,Leong Choon Ling,Leong Choon Ling,M,Chinese,-1,BN,003-MCA,MCA,3,BN,0,,1,won_uncontested
1978-07-08,SE-05,Perlis,N.02 Chuping,1,9G3M7,Ahmad Bin Haji Said,Ahmad bin Said,M,Malay,-1,BN,001-UMNO,UMNO,3,BN,2641,54.01922683575373,1,won
1978-07-08,SE-05,Perlis,N.02 Chuping,2,FP5MX,Hassan Bin Lebai Othman,Hassan bin Lebai Othman,M,Malay,-1,PAS,004-PAS,PAS,0,ALONE,2248,45.98077316424627,2,lost
1978-07-08,SE-05,Perlis,N.03 Bintong,1,8X6C0,Datuk Jaafar Bin Hassan,Jaafar bin Hassan,M,Malay,53,BN,001-UMNO,UMNO,3,BN,3261,75.1902236569057,1,won
1978-07-08,SE-05,Perlis,N.03 Bintong,2,K3VQ6,Ismail Bin Baba,Ismail bin Baba,M,Malay,-1,PAS,004-PAS,PAS,0,ALONE,1076,24.809776343094306,2,lost
1978-07-08,SE-05,Perlis,N.04 Bandar Kangar,1,Q6VXB,Tan Thean Choo,Tan Thean Choo,M,Chinese,-1,BN,003-MCA,MCA,3,BN,3083,58.768585589020205,1,won
1978-07-08,SE-05,Perlis,N.04 Bandar Kangar,2,F718K,Abd. Rahman Bin Hamid,Abdul Rahman bin Hamid,M,Malay,-1,BEBAS,000-BEBAS,BEBAS,0,ALONE,2163,41.231414410979795,2,lost
1978-07-08,SE-05,Perlis,N.05 Paya,1,Y281X,Mahmud Bin Haji Hashim,Mahmud bin Hashim,M,Malay,-1,BN,001-UMNO,UMNO,3,BN,2978,59.69132090599318,1,won
1978-07-08,SE-05,Perlis,N.05 Paya,2,ZRXGM,Haji Ahmad Bin Long,Ahmad bin Long Ibrahim,M,Malay,-1,PAS,004-PAS,PAS,0,ALONE,2011,40.30867909400682,2,lost
1978-07-08,SE-05,Perlis,N.06 Oran,1,PHHSF,Ali Bin Ahmad,Ali bin Ahmad,M,Malay,-1,BN,001-UMNO,UMNO,3,BN,0,,1,won_uncontested
1978-07-08,SE-05,Perlis,N.07 Kuala Perlis,1,8BA8R,Md Noor Bin Yub,Md. Noor bin Yub,M,Malay,-1,BN,001-UMNO,UMNO,3,BN,2303,59.036144578313255,1,won
1978-07-08,SE-05,Perlis,N.07 Kuala Perlis,2,SZ7VR,Che Gu Din Bin Saaid,Din bin Saaid,M,Malay,-1,PAS,004-PAS,PAS,0,ALONE,1598,40.963855421686745,2,lost
1978-07-08,SE-05,Perlis,N.08 Kayang,1,F6PDA,Hazim Bin Abu Bakar,Hazim bin Abu Bakar,M,Malay,-1,BN,001-UMNO,UMNO,3,BN,2223,56.7816091954023,1,won
1978-07-08,SE-05,Perlis,N.08 Kayang,2,JMCFK,Ahmad Amin Bin Ibni,Ahmad Amin bin Ibni,M,Malay,-1,PAS,004-PAS,PAS,0,ALONE,1321,33.74201787994892,2,lost
1978-07-08,SE-05,Perlis,N.08 Kayang,3,XCXY1,Hasan Bin Man,Hasan bin Man,M,Malay,-1,BEBAS,000-BEBAS,BEBAS,0,ALONE,371,9.476372924648786,3,lost_deposit
1978-07-08,SE-05,Perlis,N.09 Utan Aji,1,0TM0A,Idrus Bin Kassim,Idrus bin Kassim,M,Malay,-1,BN,001-UMNO,UMNO,3,BN,2273,56.40198511166253,1,won
1978-07-08,SE-05,Perlis,N.09 Utan Aji,2,48A2K,Bakri Bin Hashim,Bakri bin Hashim,M,Malay,-1,PAS,004-PAS,PAS,0,ALONE,1757,43.59801488833747,2,lost
1978-07-08,SE-05,Perlis,N.10 Bandar Arau,1,7P04W,Syed Ahmad Bin Syed Alwi,Syed Ahmad bin Syed Alwi,M,Malay,-1,BN,001-UMNO,UMNO,3,BN,1668,41.03321033210332,1,won
1978-07-08,SE-05,Perlis,N.10 Bandar Arau,2,V6E2W,Hussain Bin Ab. Rahman,Hussain bin Abdul Rahman,M,Malay,-1,BEBAS,000-BEBAS,BEBAS,0,ALONE,1550,38.13038130381304,2,lost
1978-07-08,SE-05,Perlis,N.10 Bandar Arau,3,QRR0K,Halim Bin Ismail,Omar bin Ismail,M,Malay,-1,PAS,004-PAS,PAS,0,ALONE,847,20.836408364083642,3,lost
1978-07-08,SE-05,Perlis,N.11 Kurong Anai,1,B3P75,Abu Bakar Bin Haji Ahmad,Abu Bakar bin Ahmad,M,Malay,-1,BN,001-UMNO,UMNO,3,BN,2398,56.093567251461984,1,won
1978-07-08,SE-05,Perlis,N.11 Kurong Anai,2,S0M7V,Ahmad Bin Salleh,Ahmad bin Salleh,M,Malay,-1,PAS,004-PAS,PAS,0,ALONE,1877,43.90643274853801,2,lost
1978-07-08,SE-05,Perlis,N.12 Sanglang,1,EHC9E,Md Zain Bin Hamzah,Saad @ Md. Zain bin Hamzah,M,Malay,-1,BN,001-UMNO,UMNO,3,BN,2303,59.127086007702175,1,won
1978-07-08,SE-05,Perlis,N.12 Sanglang,2,HZ2BQ,Ahmad Bin Haji Puteh,Ahmad bin Puteh,M,Malay,-1,PAS,004-PAS,PAS,0,ALONE,1592,40.87291399229782,2,lost
1982-04-22,SE-06,Perlis,N.01 Titi Tinggi,1,THF3V,Liew Sih Yang,Liew Sih Yang,M,Chinese,-1,DAP,021-DAP,DAP,0,ALONE,697,15.848112778535697,3,lost
1982-04-22,SE-06,Perlis,N.01 Titi Tinggi,2,XZ564,Ng Eng Toon @ Goh Eng Toon,Ng Eng Toon @ Goh Eng Toon,M,Chinese,-1,BN,003-MCA,MCA,3,BN,2908,66.12096407457936,1,won
1982-04-22,SE-06,Perlis,N.01 Titi Tinggi,3,1CV8D,Md. Salleh Bin Yusop,Md. Salleh bin Yusop,M,Malay,-1,PAS,004-PAS,PAS,0,ALONE,793,18.03092314688495,2,lost
1982-04-22,SE-06,Perlis,N.02 Chuping,1,RFS9J,Shaari Bin Jusoh,Shaari bin Jusoh,M,Malay,-1,BN,001-UMNO,UMNO,3,BN,3777,63.67161159811193,1,won
1982-04-22,SE-06,Perlis,N.02 Chuping,2,RXHC2,Mustaffa Bin Ahmad,Mustaffa bin Ahmad,M,Malay,-1,PAS,004-PAS,PAS,0,ALONE,2155,36.32838840188806,2,lost
1982-04-22,SE-06,Perlis,N.03 Bintong,1,4THAP,Shuib Bin Haji Mohamad,Shuib bin Mohamad,M,Malay,-1,PAS,004-PAS,PAS,0,ALONE,0,,1,won_uncontested
1982-04-22,SE-06,Perlis,N.04 Bandar Kangar,1,887CZ,Lai Yu Chai,Lai Yu Chai,M,Chinese,-1,DAP,021-DAP,DAP,0,ALONE,76,1.1676140728222462,5,lost_deposit
1982-04-22,SE-06,Perlis,N.04 Bandar Kangar,2,BNXF8,Baldev Singh Bhar A/L Gurcharn Singh,Baldev Singh Bhar a/l Gurcharn Singh,M,Other,37,BEBAS,000-BEBAS,BEBAS,0,ALONE,143,2.196958058073437,4,lost_deposit
1982-04-22,SE-06,Perlis,N.04 Bandar Kangar,3,F3KHH,Heng Tick Ming,Heng Tick Ming,M,Chinese,-1,BEBAS,000-BEBAS,BEBAS,0,ALONE,266,4.0866492548778615,3,lost_deposit
1982-04-22,SE-06,Perlis,N.04 Bandar Kangar,4,48A2K,Zakeria @ Bakri Bin Hashim,Bakri bin Hashim,M,Malay,-1,PAS,004-PAS,PAS,0,ALONE,2220,34.10662160086035,2,lost
1982-04-22,SE-06,Perlis,N.04 Bandar Kangar,5,JH9KT,Lee Kim Cheng,Lee Kim Cheng,M,Chinese,-1,BN,003-MCA,MCA,3,BN,3701,56.8597326778307,1,won
1982-04-22,SE-06,Perlis,N.04 Bandar Kangar,6,NYZP3,Abdullah Bin Husin,Abdullah bin Husin,M,Malay,-1,BEBAS,000-BEBAS,BEBAS,0,ALONE,37,0.5684436933476725,7,lost_deposit
1982-04-22,SE-06,Perlis,N.04 Bandar Kangar,7,SCNRC,Kamarudin Bin Abdul Rahim,Kamarudin bin Abdul Rahim,M,Malay,-1,BEBAS,000-BEBAS,BEBAS,0,ALONE,66,1.01398064218774,6,lost_deposit
1982-04-22,SE-06,Perlis,N.05 Paya,1,WTBTN,Taib Bin Ismail,Taib bin Ismail,M,Malay,-1,BN,001-UMNO,UMNO,3,BN,3091,56.53923541247485,1,won
1982-04-22,SE-06,Perlis,N.05 Paya,2,ZRXGM,Ahmad B. L. Ibrahim,Ahmad bin Long Ibrahim,M,Malay,-1,PAS,004-PAS,PAS,0,ALONE,2376,43.460764587525155,2,lost
1982-04-22,SE-06,Perlis,N.06 Oran,1,081WY,Bakar Bin Ismail,Bakar bin Ismail,M,Malay,-1,PAS,004-PAS,PAS,0,ALONE,1064,26.01466992665037,2,lost
1982-04-22,SE-06,Perlis,N.06 Oran,2,PHHSF,Ali Bin Ahmad,Ali bin Ahmad,M,Malay,-1,BN,001-UMNO,UMNO,3,BN,3026,73.98533007334963,1,won
1982-04-22,SE-06,Perlis,N.07 Kuala Perlis,1,3NQZ7,Ahmad B. Osman,Ahmad B. Osman,M,Malay,-1,BN,001-UMNO,UMNO,3,BN,3061,67.30430958663149,1,won
1982-04-22,SE-06,Perlis,N.07 Kuala Perlis,2,SZ7VR,Din Bin Saaid,Din bin Saaid,M,Malay,-1,PAS,004-PAS,PAS,0,ALONE,1487,32.69569041336851,2,lost
1982-04-22,SE-06,Perlis,N.08 Kayang,1,73E1G,Talib Bin Ali,Talib bin Ali,M,Malay,-1,BN,001-UMNO,UMNO,3,BN,2718,60.07957559681698,1,won
1982-04-22,SE-06,Perlis,N.08 Kayang,2,AH43S,Hussein Bin Abdullah,Hussein bin Abdullah,M,Malay,-1,PAS,004-PAS,PAS,0,ALONE,1806,39.92042440318303,2,lost
1982-04-22,SE-06,Perlis,N.09 Utan Aji,1,8BN41,Mahamood Bin Haji Mohamad Noor,Mahamood bin Mohd. Noor,M,Malay,-1,PAS,004-PAS,PAS,0,ALONE,1573,34.18079096045198,2,lost
1982-04-22,SE-06,Perlis,N.09 Utan Aji,2,0TM0A,Idrus Bin Kassim,Idrus bin Kassim,M,Malay,-1,BN,001-UMNO,UMNO,3,BN,3029,65.81920903954803,1,won
1982-04-22,SE-06,Perlis,N.10 Bandar Arau,1,7P04W,Syed Ahmad Bin Syed Alwi,Syed Ahmad bin Syed Alwi,M,Malay,-1,BN,001-UMNO,UMNO,3,BN,2935,66.1036036036036,1,won
1982-04-22,SE-06,Perlis,N.10 Bandar Arau,2,S0M7V,Ahmad Bin Salleh,Ahmad bin Salleh,M,Malay,-1,PAS,004-PAS,PAS,0,ALONE,1505,33.8963963963964,2,lost
1982-04-22,SE-06,Perlis,N.11 Kurong Anai,1,B3P75,Abu Bakar Bin Hj. Ahmad,Abu Bakar bin Ahmad,M,Malay,-1,BN,001-UMNO,UMNO,3,BN,2927,58.3183901175533,1,won
1982-04-22,SE-06,Perlis,N.11 Kurong Anai,2,QRR0K,Halim @ Omar Bin Ismail,Omar bin Ismail,M,Malay,-1,PAS,004-PAS,PAS,0,ALONE,1921,38.27455668459853,2,lost
1982-04-22,SE-06,Perlis,N.11 Kurong Anai,3,DYT62,Jusoh Bin Man,Jusoh bin Man,M,Malay,-1,BEBAS,000-BEBAS,BEBAS,0,ALONE,171,3.407053197848177,3,lost_deposit
1982-04-22,SE-06,Perlis,N.12 Sanglang,1,EHC9E,Saad @ Md. Zain Bin Hamzah,Saad @ Md. Zain bin Hamzah,M,Malay,-1,BN,001-UMNO,UMNO,3,BN,2477,55.20392244261198,1,won
1982-04-22,SE-06,Perlis,N.12 Sanglang,2,HCG8B,Harun Bin Othman,Harun bin Othman,M,Malay,-1,PAS,004-PAS,PAS,0,ALONE,2010,44.79607755738801,2,lost
1986-08-02,SE-07,Perlis,N.01 Titi Tinggi,1,0PV4D,Ishak Bin Ismail,Ishak bin Ismail,M,Malay,-1,PAS,004-PAS,PAS,18,HAK,880,21.047596268835207,2,lost
1986-08-02,SE-07,Perlis,N.01 Titi Tinggi,2,44H6P,Loh Sin Poh,Loh Sin Poh,M,Chinese,-1,BEBAS,000-BEBAS,BEBAS,0,ALONE,661,15.80961492465917,3,lost
1986-08-02,SE-07,Perlis,N.01 Titi Tinggi,3,7J78Z,Lai Kuan Fook @ Lai Kong Fook,Lai Kuan Fook @ Lai Kong Fook,M,Chinese,-1,BEBAS,000-BEBAS,BEBAS,0,ALONE,2640,63.14278880650562,1,won
1986-08-02,SE-07,Perlis,N.02 Beseri,1,AZXB8,Yahaya Bin Ahmad,Yahaya bin Ahmad,M,Malay,-1,PAS,004-PAS,PAS,18,HAK,1507,35.1200186436728,2,lost
1986-08-02,SE-07,Perlis,N.02 Beseri,2,EDKDH,Nordin Bin Hj. Abdullah,Nordin bin Abdullah,M,Malay,-1,BEBAS,000-BEBAS,BEBAS,0,ALONE,2784,64.87998135632719,1,won
1986-08-02,SE-07,Perlis,N.03 Oran,1,081WY,Bakar Bin Ismail,Bakar bin Ismail,M,Malay,-1,PAS,004-PAS,PAS,18,HAK,1325,26.368159203980102,2,lost
1986-08-02,SE-07,Perlis,N.03 Oran,2,HV9FT,Yaziz @ Yazid Bin Mat,Yaziz @ Yazid bin Mat,M,Malay,-1,BN,001-UMNO,UMNO,3,BN,3700,73.6318407960199,1,won
1986-08-02,SE-07,Perlis,N.04 Padang Pauh,1,S0M7V,Ahmad Bin Salleh,Ahmad bin Salleh,M,Malay,-1,PAS,004-PAS,PAS,18,HAK,1559,34.822425731516645,2,lost
1986-08-02,SE-07,Perlis,N.04 Padang Pauh,2,N8ZJ3,Bahari Bin Hj. Taib,Bahari bin Taib,M,Malay,-1,BN,001-UMNO,UMNO,3,BN,2918,65.17757426848337,1,won
1986-08-02,SE-07,Perlis,N.05 Bintong,1,RPNMC,Mohd Abidin B. Halifah,Mohd Abidin B. Halifah,M,Malay,-1,PAS,004-PAS,PAS,18,HAK,1367,30.256750774679062,2,lost
1986-08-02,SE-07,Perlis,N.05 Bintong,2,W4BPN,Md. Isa Bin Sabu,Md. Isa bin Sabu,M,Malay,40,BN,001-UMNO,UMNO,3,BN,3151,69.74324922532094,1,won
1986-08-02,SE-07,Perlis,N.06 Sena,1,ZJ1RY,Selamat Bin Saad,Selamat bin Saad,M,Malay,-1,BN,001-UMNO,UMNO,3,BN,2459,65.20816759480243,1,won
1986-08-02,SE-07,Perlis,N.06 Sena,2,4THAP,Shuib Bin Hj. Mohamad,Shuib bin Mohamad,M,Malay,-1,PAS,004-PAS,PAS,18,HAK,1312,34.79183240519756,2,lost
1986-08-02,SE-07,Perlis,N.07 Indera Kayangan,1,JH9KT,Lee Kim Cheng,Lee Kim Cheng,M,Chinese,-1,BN,003-MCA,MCA,3,BN,4018,74.35233160621762,1,won
1986-08-02,SE-07,Perlis,N.07 Indera Kayangan,2,2ZQV7,Hamid Bin Mohamood,Hamid bin Mohamood,M,Malay,-1,PAS,004-PAS,PAS,18,HAK,1386,25.647668393782386,2,lost
1986-08-02,SE-07,Perlis,N.08 Kuala Perlis,1,SZ7VR,Din Bin Saaid,Din bin Saaid,M,Malay,-1,PAS,004-PAS,PAS,18,HAK,1659,39.3594306049822,2,lost
1986-08-02,SE-07,Perlis,N.08 Kuala Perlis,2,3NQZ7,Ahmad Bin Osman,Ahmad B. Osman,M,Malay,-1,BN,001-UMNO,UMNO,3,BN,2556,60.6405693950178,1,won
1986-08-02,SE-07,Perlis,N.09 Kayang,1,6DDXG,Othman Bin Hj. Ghazali,Othman bin Ghazali,M,Malay,-1,PAS,004-PAS,PAS,18,HAK,1452,33.877741483901076,2,lost
1986-08-02,SE-07,Perlis,N.09 Kayang,2,73E1G,Talib Bin Ali,Talib bin Ali,M,Malay,-1,BN,001-UMNO,UMNO,3,BN,2834,66.12225851609892,1,won
1986-08-02,SE-07,Perlis,N.10 Utan Aji,1,9V3ZS,Fadzil Bin Mahmood,Fadzil bin Mahmood,M,Malay,-1,BN,001-UMNO,UMNO,3,BN,2270,64.30594900849859,1,won
1986-08-02,SE-07,Perlis,N.10 Utan Aji,2,D8T22,Ahmad Tajuddin Bin Salleh,Ahmad Tajuddin bin Salleh,M,Malay,35,PAS,004-PAS,PAS,18,HAK,1260,35.69405099150141,2,lost
1986-08-02,SE-07,Perlis,N.11 Kota Raja,1,Q7X2A,Abdul Hamid B. Pawanteh,Abdul Hamid bin Pawan Teh,M,Malay,42,BN,001-UMNO,UMNO,3,BN,3176,68.71484205971441,1,won
1986-08-02,SE-07,Perlis,N.11 Kota Raja,2,GPG4B,Chong Teik Tee,Chong Teik Tee,M,Chinese,-1,BEBAS,000-BEBAS,BEBAS,0,ALONE,251,5.430549545651233,3,lost_deposit
1986-08-02,SE-07,Perlis,N.11 Kota Raja,3,M466M,Bahari Bin Ali,Bahari bin Ali,M,Malay,-1,PAS,004-PAS,PAS,18,HAK,1195,25.85460839463436,2,lost
1986-08-02,SE-07,Perlis,N.12 Guar Sanji,1,WTBTN,Taib Bin Ismail,Taib bin Ismail,M,Malay,-1,BN,001-UMNO,UMNO,3,BN,2697,64.27550047664442,1,won
1986-08-02,SE-07,Perlis,N.12 Guar Sanji,2,8BN41,Mohamood Bin Hj. Mohamad Noor,Mahamood bin Mohd. Noor,M,Malay,-1,PAS,004-PAS,PAS,18,HAK,1499,35.724499523355576,2,lost
1986-08-02,SE-07,Perlis,N.13 Kurong Anai,1,QRR0K,Halim @ Omar Bin Ismail,Omar bin Ismail,M,Malay,-1,PAS,004-PAS,PAS,18,HAK,1586,48.86013555144794,2,lost
1986-08-02,SE-07,Perlis,N.13 Kurong Anai,2,QHW8X,Tengku Aziz Bin Tengku Jaafar,Tengku Aziz bin Tengku Jaafar,M,Malay,-1,BN,001-UMNO,UMNO,3,BN,1660,51.13986444855206,1,won
1986-08-02,SE-07,Perlis,N.14 Sanglang,1,TZJB6,Ismail Bin Sahak,Ismail bin Sahak,M,Malay,-1,PAS,004-PAS,PAS,18,HAK,2207,45.79788337829425,2,lost
1986-08-02,SE-07,Perlis,N.14 Sanglang,2,YD8DF,Kamarudin Bin Ahmad,Kamarudin bin Ahmad,M,Malay,36,BN,001-UMNO,UMNO,3,BN,2612,54.20211662170574,1,won
1990-10-20,SE-08,Perlis,N.01 Titi Tinggi,1,KGY34,Tengku Yaakob,Tengku Yaakob bin Tengku Mohamad,M,Malay,57,S46,062-S46,S46,4,APU,2550,46.51587012039401,2,lost
1990-10-20,SE-08,Perlis,N.01 Titi Tinggi,2,PYM5D,Loh Yoon Foo,Loh Yoon Foo,M,Chinese,45,BN,003-MCA,MCA,3,BN,2932,53.48412987960598,1,won
1990-10-20,SE-08,Perlis,N.02 Beseri,1,EDKDH,Nordin Hj. Abdullah,Nordin bin Abdullah,M,Malay,-1,BN,001-UMNO,UMNO,3,BN,3286,66.22329705763805,1,won
1990-10-20,SE-08,Perlis,N.02 Beseri,2,TCA7P,Haji Abd Rahman Bin Hj Rejab,Abdul Rahman bin Rejab,M,Malay,-1,S46,062-S46,S46,4,APU,1676,33.77670294236195,2,lost
1990-10-20,SE-08,Perlis,N.03 Oran,1,7AZSA,Ustaz Hj. Ismail Bin Hj. Mohamad,Ismail bin Mohamad,M,Malay,-1,PAS,004-PAS,PAS,4,APU,1861,28.946959091616115,2,lost
1990-10-20,SE-08,Perlis,N.03 Oran,2,HV9FT,Yazid Bin Mat,Yaziz @ Yazid bin Mat,M,Malay,-1,BN,001-UMNO,UMNO,3,BN,4568,71.05304090838389,1,won
1990-10-20,SE-08,Perlis,N.04 Padang Pauh,1,AZXB8,Yahya Bin Ahmad,Yahaya bin Ahmad,M,Malay,-1,PAS,004-PAS,PAS,4,APU,1742,26.438002731825772,2,lost
1990-10-20,SE-08,Perlis,N.04 Padang Pauh,2,XT09Z,Wan Ismail Bin Wan Ahmad,Wan Ismail bin Wan Ahmad,M,Malay,-1,BEBAS,000-BEBAS,BEBAS,0,ALONE,142,2.1551069965093337,3,lost_deposit
1990-10-20,SE-08,Perlis,N.04 Padang Pauh,3,N8ZJ3,Bahari Haji Taib,Bahari bin Taib,M,Malay,-1,BN,001-UMNO,UMNO,3,BN,4705,71.40689027166489,1,won
1990-10-20,SE-08,Perlis,N.05 Bintong,1,W4BPN,Md. Isa Bin Sabu,Md. Isa bin Sabu,M,Malay,44,BN,001-UMNO,UMNO,3,BN,4100,79.76653696498055,1,won
1990-10-20,SE-08,Perlis,N.05 Bintong,2,17PC8,Murshid Bin Hj Mohamad,Murshid bin Mohamad,M,Malay,-1,PAS,004-PAS,PAS,4,APU,1040,20.233463035019454,2,lost
1990-10-20,SE-08,Perlis,N.06 Sena,1,ZJ1RY,Cikgu Selamat Saad,Selamat bin Saad,M,Malay,-1,BN,001-UMNO,UMNO,3,BN,3348,73.79325545514658,1,won
1990-10-20,SE-08,Perlis,N.06 Sena,2,4THAP,Shuib Hj. Mohamad,Shuib bin Mohamad,M,Malay,-1,PAS,004-PAS,PAS,4,APU,1189,26.20674454485343,2,lost
1990-10-20,SE-08,Perlis,N.07 Indera Kayangan,1,4NCEH,Lim Teng Hock,Lim Teng Hock,M,Chinese,-1,BEBAS,000-BEBAS,BEBAS,0,ALONE,136,2.3399862353750858,3,lost_deposit
1990-10-20,SE-08,Perlis,N.07 Indera Kayangan,2,832GT,Khor Liang Tee,Khor Liang Tee,M,Chinese,48,BN,003-MCA,MCA,3,BN,4016,69.09841706813489,1,won
1990-10-20,SE-08,Perlis,N.07 Indera Kayangan,3,BGRK3,Dr. Rodzi Bin Ramli,Rodzi bin Ramli,M,Malay,-1,BEBAS,000-BEBAS,BEBAS,0,ALONE,1660,28.56159669649002,2,lost
1990-10-20,SE-08,Perlis,N.08 Kuala Perlis,1,EYENC,Abd. Karim @ Ibrahim B Mat Salleh,Abd. Karim @ Ibrahim bin Mat Salleh,M,Malay,-1,BN,001-UMNO,UMNO,3,BN,2668,53.413413413413416,1,won
1990-10-20,SE-08,Perlis,N.08 Kuala Perlis,2,JC4QN,Zahri Bin Abas,Zahri bin Abas,M,Malay,-1,S46,062-S46,S46,4,APU,2327,46.586586586586584,2,lost
1990-10-20,SE-08,Perlis,N.09 Kayang,1,NSTSY,Che Ah @ Ramlah Bt Long,Che Ah @ Ramlah Bt Long,F,Malay,-1,BN,001-UMNO,UMNO,3,BN,3051,65.1923076923077,1,won
1990-10-20,SE-08,Perlis,N.09 Kayang,2,EHC9E,Hj. Md. Zain Bin Hamzah,Saad @ Md. Zain bin Hamzah,M,Malay,-1,S46,062-S46,S46,4,APU,1629,34.80769230769231,2,lost
1990-10-20,SE-08,Perlis,N.10 Utan Aji,1,9V3ZS,Cikgu Fadzil Mahmood,Fadzil bin Mahmood,M,Malay,-1,BN,001-UMNO,UMNO,3,BN,2708,64.4915456060967,1,won
1990-10-20,SE-08,Perlis,N.10 Utan Aji,2,0TM0A,Idrus Kassim,Idrus bin Kassim,M,Malay,-1,S46,062-S46,S46,4,APU,1491,35.50845439390331,2,lost
1990-10-20,SE-08,Perlis,N.11 Kota Raja,1,Q7X2A,Abdul Hamid B Pawanteh,Abdul Hamid bin Pawan Teh,M,Malay,46,BN,001-UMNO,UMNO,3,BN,3794,67.16232961586121,1,won
1990-10-20,SE-08,Perlis,N.11 Kota Raja,2,WEAA4,Syed Darus Bin Syed Hashim,Syed Darus bin Syed Hashim,M,Malay,-1,S46,062-S46,S46,4,APU,1855,32.83767038413878,2,lost
1990-10-20,SE-08,Perlis,N.12 Guar Sanji,1,M466M,Bahari Bin Ali,Bahari bin Ali,M,Malay,-1,PAS,004-PAS,PAS,4,APU,1755,35.65623730190979,2,lost
1990-10-20,SE-08,Perlis,N.12 Guar Sanji,2,S7GW7,Cikgu Azib Saad,Azib bin Saad,M,Malay,-1,BN,001-UMNO,UMNO,3,BN,3167,64.34376269809022,1,won
1990-10-20,SE-08,Perlis,N.13 Kurong Anai,1,WN6YG,Hashim Hj Jasin,Hashim bin Jasin,M,Malay,51,PAS,004-PAS,PAS,4,APU,1935,47.449730259931336,2,lost
1990-10-20,SE-08,Perlis,N.13 Kurong Anai,2,QHW8X,Tengku Aziz B Tengku Jaafar,Tengku Aziz bin Tengku Jaafar,M,Malay,-1,BN,001-UMNO,UMNO,3,BN,2143,52.55026974006866,1,won
1990-10-20,SE-08,Perlis,N.14 Sanglang,1,0PV4D,Ishak Bin Ismail,Ishak bin Ismail,M,Malay,-1,PAS,004-PAS,PAS,4,APU,2640,48.73546243308104,2,lost
1990-10-20,SE-08,Perlis,N.14 Sanglang,2,YD8DF,Kamarudin Bin Ahmad,Kamarudin bin Ahmad,M,Malay,40,BN,001-UMNO,UMNO,3,BN,2777,51.26453756691895,1,won
1995-04-24,SE-09,Perlis,N.01 Titi Tinggi,1,AZJFZ,Samsudin Bin Hamid,Samsudin bin Hamid,M,Malay,-1,S46,062-S46,S46,4,APU,1219,25.5984880302394,2,lost
1995-04-24,SE-09,Perlis,N.01 Titi Tinggi,2,PYM5D,Loh Yoon Foo,Loh Yoon Foo,M,Chinese,50,BN,003-MCA,MCA,3,BN,3543,74.4015119697606,1,won
1995-04-24,SE-09,Perlis,N.02 Beseri,1,EDKDH,Nordin Bin Hj. Abdullah,Nordin bin Abdullah,M,Malay,-1,BN,001-UMNO,UMNO,3,BN,3389,74.36910247970155,1,won
1995-04-24,SE-09,Perlis,N.02 Beseri,2,ED8J8,Syed Ahmad Bin Syed Ali,Syed Ahmad bin Syed Ali,M,Malay,-1,S46,062-S46,S46,4,APU,1168,25.63089752029844,2,lost
1995-04-24,SE-09,Perlis,N.03 Chuping,1,AZXB8,Yahaya Bin Ahmad,Yahaya bin Ahmad,M,Malay,-1,PAS,004-PAS,PAS,4,APU,1714,29.35936964713943,2,lost
1995-04-24,SE-09,Perlis,N.03 Chuping,2,HV9FT,Yaziz @ Yazid Bin Amat,Yaziz @ Yazid bin Mat,M,Malay,-1,BN,001-UMNO,UMNO,3,BN,4124,70.64063035286057,1,won
1995-04-24,SE-09,Perlis,N.04 Mata Ayer,1,CSNZA,Ishak Bin Arshad,Ishak bin Arshad,M,Malay,42,BN,001-UMNO,UMNO,3,BN,2886,70.94395280235987,1,won
1995-04-24,SE-09,Perlis,N.04 Mata Ayer,2,HTYMH,Saleh Bin Itam,Saleh bin Itam,M,Malay,-1,PAS,004-PAS,PAS,4,APU,1182,29.056047197640115,2,lost
1995-04-24,SE-09,Perlis,N.05 Santan,1,N8ZJ3,Bahari Bin Hj. Taib,Bahari bin Taib,M,Malay,-1,BN,001-UMNO,UMNO,3,BN,3107,63.38229294165647,1,won
1995-04-24,SE-09,Perlis,N.05 Santan,2,N8MPT,Abdullah Bin Jasin,Abdullah bin Jasin,M,Malay,-1,PAS,004-PAS,PAS,4,APU,1795,36.617707058343534,2,lost
1995-04-24,SE-09,Perlis,N.06 Bintong,1,RPAS3,Mohamad Faisol B Abd Rahman,Mohamad Faisol bin Abd Rahman,M,Malay,-1,PAS,004-PAS,PAS,4,APU,1833,32.68544935805991,2,lost
1995-04-24,SE-09,Perlis,N.06 Bintong,2,W40VC,Sofiah Bt Ahmad,Sofiah binti Ahmad,F,Malay,-1,BN,001-UMNO,UMNO,3,BN,3775,67.31455064194009,1,won
1995-04-24,SE-09,Perlis,N.07 Sena,1,ZJ1RY,Selamat Bin Saad,Selamat bin Saad,M,Malay,-1,BN,001-UMNO,UMNO,3,BN,3630,68.77605153467222,1,won
1995-04-24,SE-09,Perlis,N.07 Sena,2,GTZ9Y,Aziz Bin Shariff,Aziz bin Shariff,M,Malay,-1,PAS,004-PAS,PAS,4,APU,1648,31.223948465327776,2,lost
1995-04-24,SE-09,Perlis,N.08 Indera Kayangan,1,KGY34,Tengku Yaakob Bin Tengku Mohamad,Tengku Yaakob bin Tengku Mohamad,M,Malay,62,S46,062-S46,S46,4,APU,1072,19.572758809567283,2,lost
1995-04-24,SE-09,Perlis,N.08 Indera Kayangan,2,832GT,Khor Liang Tee @ Khor Lian Tee,Khor Liang Tee,M,Chinese,53,BN,003-MCA,MCA,3,BN,4405,80.42724119043272,1,won
1995-04-24,SE-09,Perlis,N.09 Kuala Perlis,1,D8T22,Ahmad Tajuddin Bin Salleh,Ahmad Tajuddin bin Salleh,M,Malay,44,PAS,004-PAS,PAS,4,APU,1491,28.778228141285467,2,lost
1995-04-24,SE-09,Perlis,N.09 Kuala Perlis,2,EYENC,Abd Karim @ Ibrahim Bin Mat Salleh,Abd. Karim @ Ibrahim bin Mat Salleh,M,Malay,-1,BN,001-UMNO,UMNO,3,BN,3690,71.22177185871453,1,won
1995-04-24,SE-09,Perlis,N.10 Kayang,1,ZHPXN,Kamaruddin Bin Hj Mohd Akib,Kamaruddin bin Mohd Akib,M,Malay,-1,PAS,004-PAS,PAS,4,APU,1515,31.39245752175715,2,lost
1995-04-24,SE-09,Perlis,N.10 Kayang,2,2ZCZY,Mohamad Hadzi Bin Nordin,Mohamad Hadzi bin Nordin,M,Malay,-1,BN,001-UMNO,UMNO,3,BN,3311,68.60754247824286,1,won
1995-04-24,SE-09,Perlis,N.11 Pauh,1,6D327,Abdul Aziz Bin Saad,Abdul Aziz bin Saad,M,Malay,-1,BN,001-UMNO,UMNO,3,BN,4054,77.2043420300895,1,won
1995-04-24,SE-09,Perlis,N.11 Pauh,2,DFNSR,Ismail B Ahmad,Ismail bin Ahmad,M,Malay,-1,PAS,004-PAS,PAS,4,APU,1197,22.795657969910494,2,lost
1995-04-24,SE-09,Perlis,N.12 Tambun Tulang,1,9TS4G,Alias Bin Othman,Alias bin Othman,M,Malay,-1,S46,062-S46,S46,4,APU,1661,30.544317763883782,2,lost
1995-04-24,SE-09,Perlis,N.12 Tambun Tulang,2,EJDED,Shahidan Bin Kassim,Shahidan bin Kassim,M,Malay,44,BN,001-UMNO,UMNO,3,BN,3777,69.45568223611622,1,won
1995-04-24,SE-09,Perlis,N.13 Guar Sanji,1,D8F6S,Arof Bin Hj Saad,Arof bin Saad,M,Malay,-1,BN,001-UMNO,UMNO,3,BN,2791,52.81983345950037,1,won
1995-04-24,SE-09,Perlis,N.13 Guar Sanji,2,M466M,Bahari Bin Ali,Bahari bin Ali,M,Malay,-1,PAS,004-PAS,PAS,4,APU,2493,47.18016654049963,2,lost
1995-04-24,SE-09,Perlis,N.14 Simpang Empat,1,NSTSY,Che Ah Bt Long,Che Ah @ Ramlah Bt Long,F,Malay,-1,BN,001-UMNO,UMNO,3,BN,2721,60.42638241172552,1,won
1995-04-24,SE-09,Perlis,N.14 Simpang Empat,2,GP592,Ramli Bin Abdul Karim,Ramli bin Abdul Karim,M,Malay,-1,S46,062-S46,S46,4,APU,1782,39.57361758827449,2,lost
1995-04-24,SE-09,Perlis,N.15 Sanglang,1,M3VBB,Karim Bin Salleh,Karim bin Salleh,M,Malay,55,BN,001-UMNO,UMNO,3,BN,2860,52.24698575082207,1,won
1995-04-24,SE-09,Perlis,N.15 Sanglang,2,WN6YG,Hashim B Hj Jasin,Hashim bin Jasin,M,Malay,56,PAS,004-PAS,PAS,4,APU,2614,47.75301424917793,2,lost
1999-11-29,SE-10,Perlis,N.01 Titi Tinggi,1,96V0W,Cikgu Ibrahim Bin Said,Ibrahim bin Said,M,Malay,-1,PAS,004-PAS,PAS,6,BA,1780,38.09931506849315,2,lost
1999-11-29,SE-10,Perlis,N.01 Titi Tinggi,2,PYM5D,Loh Yoon Foo,Loh Yoon Foo,M,Chinese,54,BN,003-MCA,MCA,3,BN,2892,61.900684931506845,1,won
1999-11-29,SE-10,Perlis,N.02 Beseri,1,CMH35,Zahidi Bin Zainul Abidin,Zahidi bin Zainul Abidin,M,Malay,38,BN,001-UMNO,UMNO,3,BN,2774,58.65933601184182,1,won
1999-11-29,SE-10,Perlis,N.02 Beseri,2,TCA7P,Haji Abd. Rahman Bin Haji Rejab,Abdul Rahman bin Rejab,M,Malay,-1,PAS,004-PAS,PAS,6,BA,1955,41.34066398815817,2,lost
1999-11-29,SE-10,Perlis,N.03 Chuping,1,HV9FT,Yaziz @ Yazid Bin Mat,Yaziz @ Yazid bin Mat,M,Malay,-1,BN,001-UMNO,UMNO,3,BN,3756,60.076775431861805,1,won
1999-11-29,SE-10,Perlis,N.03 Chuping,2,G275E,Wan Kharizal Bin Wan Khazim,Wan Kharizal bin Wan Khazim,M,Malay,37,PAS,004-PAS,PAS,6,BA,2496,39.923224568138195,2,lost
1999-11-29,SE-10,Perlis,N.04 Mata Ayer,1,KFX7Q,Suwardi Bin Yaacob,Suwardi bin Yaacob,M,Malay,-1,PAS,004-PAS,PAS,6,BA,1554,41.198303287380696,2,lost
1999-11-29,SE-10,Perlis,N.04 Mata Ayer,2,CSNZA,Ishak Bin Arshad,Ishak bin Arshad,M,Malay,46,BN,001-UMNO,UMNO,3,BN,2218,58.801696712619304,1,won
1999-11-29,SE-10,Perlis,N.05 Santan,1,N8ZJ3,Dato' Bahari Bin Haji Taib,Bahari bin Taib,M,Malay,-1,BN,001-UMNO,UMNO,3,BN,2533,47.47891283973758,2,lost
1999-11-29,SE-10,Perlis,N.05 Santan,2,PXKA0,Ustaz Zolkharnain Bin Abidin,Zolkharnain bin Abidin,M,Malay,32,PAS,004-PAS,PAS,6,BA,2802,52.52108716026241,1,won
1999-11-29,SE-10,Perlis,N.06 Bintong,1,W4BPN,Md. Isa Bin Sabu,Md. Isa bin Sabu,M,Malay,53,BN,001-UMNO,UMNO,3,BN,3285,52.44252873563219,1,won
1999-11-29,SE-10,Perlis,N.06 Bintong,2,TB9C9,Abdul Bin Zakaria,Abdul bin Zakaria,M,Malay,-1,PAS,004-PAS,PAS,6,BA,2979,47.55747126436782,2,lost
1999-11-29,SE-10,Perlis,N.07 Sena,1,XRZEJ,Azihani Bt. Dato' Ali,Azihani binti Ali,F,Malay,-1,BN,001-UMNO,UMNO,3,BN,3211,54.62742429397755,1,won
1999-11-29,SE-10,Perlis,N.07 Sena,2,RPAS3,Mohammad Faisol B. Abd. Rahman,Mohamad Faisol bin Abd Rahman,M,Malay,-1,PAS,004-PAS,PAS,6,BA,2667,45.37257570602245,2,lost
1999-11-29,SE-10,Perlis,N.08 Indera Kayangan,1,832GT,Khor Lian Tee @ Khor Liang Tee,Khor Liang Tee,M,Chinese,57,BN,003-MCA,MCA,3,BN,3825,67.38900634249472,1,won
1999-11-29,SE-10,Perlis,N.08 Indera Kayangan,2,16NGV,Ko Chu Liang,Ko Chu Liang,M,Chinese,49,PKR,075-PKN,PKN,6,BA,1851,32.61099365750528,2,lost
1999-11-29,SE-10,Perlis,N.09 Kuala Perlis,1,4MBK4,Bakar Bin Saad,Bakar bin Saad,M,Malay,-1,BN,001-UMNO,UMNO,3,BN,3487,61.673151750972764,1,won
1999-11-29,SE-10,Perlis,N.09 Kuala Perlis,2,821ND,Nadzaharuddin Bin Mohd. Noor,Nadzaharuddin bin Mohd. Noor,M,Malay,-1,PAS,004-PAS,PAS,6,BA,2167,38.32684824902724,2,lost
1999-11-29,SE-10,Perlis,N.10 Kayang,1,BFQQP,Hj. Marzukhi B Hj. Othman,Marzukhi bin Othman,M,Malay,-1,PAS,004-PAS,PAS,6,BA,2494,46.888512878360594,2,lost
1999-11-29,SE-10,Perlis,N.10 Kayang,2,2ZCZY,Mohamad Hadzi B. Hj. Nordin,Mohamad Hadzi bin Nordin,M,Malay,-1,BN,001-UMNO,UMNO,3,BN,2825,53.11148712163941,1,won
1999-11-29,SE-10,Perlis,N.11 Pauh,1,EXDSZ,Zulmi Bin Sakri,Zulmi bin Sakri,M,Malay,-1,PKR,075-PKN,PKN,6,BA,1990,35.26493000177211,2,lost
1999-11-29,SE-10,Perlis,N.11 Pauh,2,081WY,Hj. Abu Bakar B. Hj. Ismail (Cikgu Bakar),Bakar bin Ismail,M,Malay,-1,BN,001-UMNO,UMNO,3,BN,3653,64.73506999822789,1,won
1999-11-29,SE-10,Perlis,N.12 Tambun Tulang,1,EJDED,Dato' Seri Shahidan Kassim,Shahidan bin Kassim,M,Malay,48,BN,001-UMNO,UMNO,3,BN,3464,57.246736076681536,1,won
1999-11-29,SE-10,Perlis,N.12 Tambun Tulang,2,DFNSR,Hj. Ismail Bin Hj. Ahmad,Ismail bin Ahmad,M,Malay,-1,PAS,004-PAS,PAS,6,BA,2587,42.75326392331846,2,lost
1999-11-29,SE-10,Perlis,N.13 Guar Sanji,1,JB3W8,Ustaz Ahmad Bin Ali,Ahmad bin Ali,M,Malay,61,PAS,004-PAS,PAS,6,BA,3318,54.997513674788664,1,won
1999-11-29,SE-10,Perlis,N.13 Guar Sanji,2,S7GW7,Cikgu Azib Bin Hj. Saad,Azib bin Saad,M,Malay,-1,BN,001-UMNO,UMNO,3,BN,2715,45.002486325211336,2,lost
1999-11-29,SE-10,Perlis,N.14 Simpang Empat,1,NRSYH,Zahari Bin Bakar,Zahari bin Bakar,M,Malay,-1,BN,001-UMNO,UMNO,3,BN,2584,52.52032520325203,1,won
1999-11-29,SE-10,Perlis,N.14 Simpang Empat,2,S6G0T,Dr. Che Rosli B. Che Mat,Che Rosli bin Che Mat,M,Malay,48,PAS,004-PAS,PAS,6,BA,2336,47.479674796747965,2,lost
1999-11-29,SE-10,Perlis,N.15 Sanglang,1,M3VBB,Ust. Hj. Karim Bin Salleh,Karim bin Salleh,M,Malay,59,BN,001-UMNO,UMNO,3,BN,2912,47.2957609225272,2,lost
1999-11-29,SE-10,Perlis,N.15 Sanglang,2,WN6YG,Ust. Hashim B. Hj. Jasin,Hashim bin Jasin,M,Malay,60,PAS,004-PAS,PAS,6,BA,3245,52.70423907747279,1,won
2004-03-21,SE-11,Perlis,N.01 Titi Tinggi,1,16NGV,Ko Chu Liang,Ko Chu Liang,M,Chinese,54,PKR,078-PKR,PKR,6,BA,1476,28.69362363919129,2,lost
2004-03-21,SE-11,Perlis,N.01 Titi Tinggi,2,PYM5D,Loh Yoon Foo,Loh Yoon Foo,M,Chinese,59,BN,003-MCA,MCA,3,BN,3668,71.30637636080871,1,won
2004-03-21,SE-11,Perlis,N.02 Beseri,1,CMH35,Zahidi Bin Zainul Abidin,Zahidi bin Zainul Abidin,M,Malay,43,BN,001-UMNO,UMNO,3,BN,3492,68.29649911989047,1,won
2004-03-21,SE-11,Perlis,N.02 Beseri,2,NXKZD,Anuar Tahir,Mohd Anuar bin Mohd Tahir,M,Malay,52,PAS,004-PAS,PAS,6,BA,1621,31.703500880109527,2,lost
2004-03-21,SE-11,Perlis,N.03 Chuping,1,7HHJD,Mansor Bin Jusoh,Mansor bin Jusoh,M,Malay,51,BN,001-UMNO,UMNO,3,BN,4632,69.40365597842373,1,won
2004-03-21,SE-11,Perlis,N.03 Chuping,2,AZ7MP,Mohd Ali Puteh,Mohd Ali bin Puteh,M,Malay,55,PAS,004-PAS,PAS,6,BA,2042,30.596344021576265,2,lost
2004-03-21,SE-11,Perlis,N.04 Mata Ayer,1,KFX7Q,Suwardi Bin Yaacob,Suwardi bin Yaacob,M,Malay,-1,PAS,004-PAS,PAS,6,BA,1438,32.10538066532708,2,lost
2004-03-21,SE-11,Perlis,N.04 Mata Ayer,2,ECXPZ,Khairi Bin Hasan,Khairi bin Hasan,M,Malay,47,BN,001-UMNO,UMNO,3,BN,3041,67.89461933467292,1,won
2004-03-21,SE-11,Perlis,N.05 Santan,1,PXKA0,Zolkharnain Abidin,Zolkharnain bin Abidin,M,Malay,37,PAS,004-PAS,PAS,6,BA,2706,45.17529215358931,2,lost
2004-03-21,SE-11,Perlis,N.05 Santan,2,HTKS8,Sabry Bin Ahmad,Sabry bin Ahmad,M,Malay,51,BN,001-UMNO,UMNO,3,BN,3284,54.82470784641068,1,won
2004-03-21,SE-11,Perlis,N.06 Bintong,1,N89VH,Rusli Bin Mat Husin,Rusli bin Mat Husin,M,Malay,-1,BN,001-UMNO,UMNO,3,BN,4076,61.34858518964479,1,won
2004-03-21,SE-11,Perlis,N.06 Bintong,2,TB9C9,Haji Abdul Zakaria,Abdul bin Zakaria,M,Malay,-1,PAS,004-PAS,PAS,6,BA,2568,38.651414810355206,2,lost
2004-03-21,SE-11,Perlis,N.07 Sena,1,XRZEJ,Azihani Binti Dato' Ali,Azihani binti Ali,F,Malay,-1,BN,001-UMNO,UMNO,3,BN,4001,62.34029292614521,1,won
2004-03-21,SE-11,Perlis,N.07 Sena,2,RNZXT,Ustaz Adnan Fadzil,Ahmad Adnan bin Fadzil,M,Malay,31,PAS,004-PAS,PAS,6,BA,2417,37.65970707385478,2,lost
2004-03-21,SE-11,Perlis,N.08 Indera Kayangan,1,W3P03,Oui Ng Ah Lan @ Ah Lan,Oui Ah Lan @ Ng Ah Lan,M,Chinese,62,BN,003-MCA,MCA,3,BN,5243,75.74400462294135,1,won
2004-03-21,SE-11,Perlis,N.08 Indera Kayangan,2,ZHC2C,Cikgu Khoo Yang Chong,Khoo Yang Chong,M,Chinese,61,PKR,078-PKR,PKR,6,BA,1679,24.255995377058653,2,lost
2004-03-21,SE-11,Perlis,N.09 Kuala Perlis,1,2Z24N,Mohd Yusoff Madarsa,Mohd Yusoff Madarsa,M,Malay,-1,PKR,078-PKR,PKR,6,BA,1671,27.100227051573146,2,lost
2004-03-21,SE-11,Perlis,N.09 Kuala Perlis,2,4MBK4,Bakar Bin Saad,Bakar bin Saad,M,Malay,-1,BN,001-UMNO,UMNO,3,BN,4495,72.89977294842686,1,won
2004-03-21,SE-11,Perlis,N.10 Kayang,1,6CR6Y,Cikgu Ku Mahmood Ku Ismail,Ku Mahmood bin Ku Ismail,M,Malay,-1,PAS,004-PAS,PAS,6,BA,2378,39.092553016603645,2,lost
2004-03-21,SE-11,Perlis,N.10 Kayang,2,9TE97,Haji Azam Rashid,Azam bin Rashid,M,Malay,46,BN,001-UMNO,UMNO,3,BN,3705,60.907446983396355,1,won
2004-03-21,SE-11,Perlis,N.11 Pauh,1,081WY,Dato' Hj. Abu Bakar Bin Hj Ismail,Bakar bin Ismail,M,Malay,-1,BN,001-UMNO,UMNO,3,BN,3795,63.197335553705244,1,won
2004-03-21,SE-11,Perlis,N.11 Pauh,2,D84BG,Haji Abu Bakar Ali,Abu Bakar bin Ali,M,Malay,57,PAS,004-PAS,PAS,6,BA,2210,36.802664446294756,2,lost
2004-03-21,SE-11,Perlis,N.12 Tambun Tulang,1,1Z2T2,Dato' Dr. Haron Din,Haron bin Din,M,Malay,64,PAS,004-PAS,PAS,6,BA,2680,37.735849056603776,2,lost
2004-03-21,SE-11,Perlis,N.12 Tambun Tulang,2,EJDED,Shahidan Bin Kassim,Shahidan bin Kassim,M,Malay,53,BN,001-UMNO,UMNO,3,BN,4422,62.264150943396224,1,won
2004-03-21,SE-11,Perlis,N.13 Guar Sanji,1,JB3W8,Ustaz Ahmad Ali,Ahmad bin Ali,M,Malay,66,PAS,004-PAS,PAS,6,BA,3233,48.90334291332628,2,lost
2004-03-21,SE-11,Perlis,N.13 Guar Sanji,2,GNTDS,Cikgu Jafperi Bin Othman,Jafperi bin Othman,M,Malay,40,BN,001-UMNO,UMNO,3,BN,3378,51.09665708667372,1,won
2004-03-21,SE-11,Perlis,N.14 Simpang Empat,1,S6G0T,Dr. Che Rosli Che Mat,Che Rosli bin Che Mat,M,Malay,53,PAS,004-PAS,PAS,6,BA,2519,47.40308618742943,2,lost
2004-03-21,SE-11,Perlis,N.14 Simpang Empat,2,NRSYH,Zahari Bin Bakar,Zahari bin Bakar,M,Malay,-1,BN,001-UMNO,UMNO,3,BN,2795,52.59691381257057,1,won
2004-03-21,SE-11,Perlis,N.15 Sanglang,1,WN6YG,Ustaz Hashim Jasin,Hashim bin Jasin,M,Malay,65,PAS,004-PAS,PAS,6,BA,3221,50.35172737220572,1,won
2004-03-21,SE-11,Perlis,N.15 Sanglang,2,WS03Z,Datuk Hajjah Mastika,Mastika Junaidah binti Husin,F,Malay,-1,BN,001-UMNO,UMNO,3,BN,3176,49.64827262779428,2,lost
2008-03-08,SE-12,Perlis,N.01 Titi Tinggi,1,CM67W,Yip Sun Onn,Yip Sun Onn,M,Chinese,50,BN,003-MCA,MCA,3,BN,3399,58.30188679245283,1,won
2008-03-08,SE-12,Perlis,N.01 Titi Tinggi,2,G1WA5,Mohamad Razi,Mohamad Razi,M,Malay,-1,BEBAS,000-BEBAS,BEBAS,0,ALONE,1585,27.186963979416813,2,lost
2008-03-08,SE-12,Perlis,N.01 Titi Tinggi,3,KFJCE,Keria Senawi,Keria Senawi,M,Malay,-1,PKR,078-PKR,PKR,7,PR,846,14.51114922813036,3,lost
2008-03-08,SE-12,Perlis,N.02 Beseri,1,PX8EQ,Dzulkefli Mat De,Dzulkefli Mat De,M,Malay,-1,PKR,078-PKR,PKR,7,PR,2012,39.182083739045765,2,lost
2008-03-08,SE-12,Perlis,N.02 Beseri,2,TAYH0,Mat Rawi Bin Kassim,Mat Rawi bin Kassim,M,Malay,53,BN,001-UMNO,UMNO,3,BN,3123,60.81791626095423,1,won
2008-03-08,SE-12,Perlis,N.03 Chuping,1,AZ7MP,Haji Mohd. Ali Puteh,Mohd Ali bin Puteh,M,Malay,59,PAS,004-PAS,PAS,7,PR,2169,30.373897213275452,2,lost
2008-03-08,SE-12,Perlis,N.03 Chuping,2,7HHJD,Mansor Bin Jusoh,Mansor bin Jusoh,M,Malay,55,BN,001-UMNO,UMNO,3,BN,4972,69.62610278672456,1,won
2008-03-08,SE-12,Perlis,N.04 Mata Ayer,1,G275E,Wan Kharizal,Wan Kharizal bin Wan Khazim,M,Malay,46,PAS,004-PAS,PAS,7,PR,1437,31.96174377224199,2,lost
2008-03-08,SE-12,Perlis,N.04 Mata Ayer,2,ECXPZ,Khairi Bin Hasan,Khairi bin Hasan,M,Malay,51,BN,001-UMNO,UMNO,3,BN,3059,68.03825622775801,1,won
2008-03-08,SE-12,Perlis,N.05 Santan,1,HTKS8,Sabry Bin Ahmad,Sabry bin Ahmad,M,Malay,55,BN,001-UMNO,UMNO,3,BN,3475,55.70695735812761,1,won
2008-03-08,SE-12,Perlis,N.05 Santan,2,XRMK9,Ustaz Abd Rashid Abd Rahaman,Abdul Rashid bin Abdul Rahaman,M,Malay,60,PAS,004-PAS,PAS,7,PR,2763,44.29304264187239,2,lost
2008-03-08,SE-12,Perlis,N.06 Bintong,1,NXKZD,Hj. Anuar Tahir,Mohd Anuar bin Mohd Tahir,M,Malay,56,PAS,004-PAS,PAS,7,PR,2772,36.216357460151556,2,lost
2008-03-08,SE-12,Perlis,N.06 Bintong,2,W4BPN,Dato' Md Isa Bin Sabu,Md. Isa bin Sabu,M,Malay,62,BN,001-UMNO,UMNO,3,BN,4882,63.78364253984845,1,won
2008-03-08,SE-12,Perlis,N.07 Sena,1,16ANJ,Jamil Saad,Jamil bin Saad,M,Malay,46,BN,001-UMNO,UMNO,3,BN,4697,62.41860465116279,1,won
2008-03-08,SE-12,Perlis,N.07 Sena,2,4M0QV,Ustaz Osman (Che Dan),Osman (Che Dan),M,Malay,-1,PAS,004-PAS,PAS,7,PR,2828,37.58139534883721,2,lost
2008-03-08,SE-12,Perlis,N.08 Indera Kayangan,1,81PT4,Poziyah Hamzah,Poziyah binti Hamzah,F,Malay,51,PKR,078-PKR,PKR,7,PR,2451,39.75669099756691,2,lost
2008-03-08,SE-12,Perlis,N.08 Indera Kayangan,2,BFCWD,Dr Por Choo Chor,Por Choo Chor,M,Chinese,57,BN,003-MCA,MCA,3,BN,3714,60.24330900243309,1,won
2008-03-08,SE-12,Perlis,N.09 Kuala Perlis,1,EX2YP,Cikgu Mat Hassan,Mat bin Hassan,M,Malay,45,BN,001-UMNO,UMNO,3,BN,4448,69.77254901960784,1,won
2008-03-08,SE-12,Perlis,N.09 Kuala Perlis,2,D8T22,Haji Tajuddin,Ahmad Tajuddin bin Salleh,M,Malay,57,PAS,004-PAS,PAS,7,PR,1927,30.227450980392156,2,lost
2008-03-08,SE-12,Perlis,N.10 Kayang,1,JAS0Z,Ustaz Ya'Akub,Ya'akub bin Abu Seman,M,Malay,38,PAS,004-PAS,PAS,7,PR,2405,38.065843621399175,2,lost
2008-03-08,SE-12,Perlis,N.10 Kayang,2,NRF38,Ahmad Bakri Bin Dato' Ali,Ahmad Bakri bin Ali,M,Malay,52,BN,001-UMNO,UMNO,3,BN,3913,61.934156378600825,1,won
2008-03-08,SE-12,Perlis,N.11 Pauh,1,D84BG,Hj. Abu Bakar Bin Ali,Abu Bakar bin Ali,M,Malay,61,PAS,004-PAS,PAS,7,PR,1889,29.748031496062993,2,lost
2008-03-08,SE-12,Perlis,N.11 Pauh,2,5CRWB,Syed Razlan Putra,Syed Razlan bin Syed Putra Jamalullail,M,Malay,57,BN,001-UMNO,UMNO,3,BN,4461,70.25196850393701,1,won
2008-03-08,SE-12,Perlis,N.12 Tambun Tulang,1,EJDED,Shahidan Bin Kassim,Shahidan bin Kassim,M,Malay,57,BN,001-UMNO,UMNO,3,BN,4371,64.92869875222816,1,won
2008-03-08,SE-12,Perlis,N.12 Tambun Tulang,2,S655H,Ustaz Nordin Ahmad,Nordin bin Ahmad,M,Malay,-1,PAS,004-PAS,PAS,7,PR,2361,35.071301247771835,2,lost
2008-03-08,SE-12,Perlis,N.13 Guar Sanji,1,RNZXT,Ustaz Ahmad Adnan Bin Fadzil,Ahmad Adnan bin Fadzil,M,Malay,35,PAS,004-PAS,PAS,7,PR,3034,44.81536189069424,2,lost
2008-03-08,SE-12,Perlis,N.13 Guar Sanji,2,GNTDS,Cikgu Jalperi Bin Haji Othman,Jafperi bin Othman,M,Malay,44,BN,001-UMNO,UMNO,3,BN,3736,55.18463810930576,1,won
2008-03-08,SE-12,Perlis,N.14 Simpang Empat,1,NRSYH,Zahari Bin Bakar,Zahari bin Bakar,M,Malay,-1,BN,001-UMNO,UMNO,3,BN,2825,49.53533228125548,2,lost
2008-03-08,SE-12,Perlis,N.14 Simpang Empat,2,WKV7T,Rus'Sele Bin Eizan,Rus'sele bin Eizan,M,Malay,51,PAS,004-PAS,PAS,7,PR,2878,50.464667718744515,1,won
2008-03-08,SE-12,Perlis,N.15 Sanglang,1,01HA3,Abdullah Bin Hassan,Abdullah bin Hassan,M,Malay,46,BN,001-UMNO,UMNO,3,BN,3384,51.125547665810544,1,won
2008-03-08,SE-12,Perlis,N.15 Sanglang,2,WN6YG,Ustaz Hashim Bin Hj. Jasin,Hashim bin Jasin,M,Malay,69,PAS,004-PAS,PAS,7,PR,3235,48.874452334189456,2,lost
2013-05-05,SE-13,Perlis,N.01 Titi Tinggi,1,HMRWZ,Yaacob Bin Man,Yaacob bin Man,M,Malay,54,BEBAS,000-BEBAS,BEBAS,0,ALONE,968,13.202400436442991,3,lost
2013-05-05,SE-13,Perlis,N.01 Titi Tinggi,2,N2EZ8,Khaw Hock Kong,Khaw Hock Kong,M,Chinese,49,BN,003-MCA,MCA,3,BN,3925,53.53246044735407,1,won
2013-05-05,SE-13,Perlis,N.01 Titi Tinggi,3,RG51H,Teh Seng Chuan,Teh Seng Chuan,M,Chinese,41,DAP,021-DAP,DAP,7,PR,2439,33.265139116202946,2,lost
2013-05-05,SE-13,Perlis,N.02 Beseri,1,TAYH0,Datuk Mat Rawi Bin Kassim,Mat Rawi bin Kassim,M,Malay,58,BN,001-UMNO,UMNO,3,BN,3636,54.01069518716578,1,won
2013-05-05,SE-13,Perlis,N.02 Beseri,2,G275E,Wan Kharizal,Wan Kharizal bin Wan Khazim,M,Malay,51,PAS,004-PAS,PAS,7,PR,3096,45.98930481283423,2,lost
2013-05-05,SE-13,Perlis,N.03 Chuping,1,VXV3T,Wan Md Fishaal,Wan Md Fishaal,M,Malay,-1,PKR,078-PKR,PKR,7,PR,2812,33.08235294117647,2,lost
2013-05-05,SE-13,Perlis,N.03 Chuping,2,ZBH63,Asmaiza Binti Ahmad,Asmaiza binti Ahmad,F,Malay,38,BN,001-UMNO,UMNO,3,BN,5688,66.91764705882352,1,won
2013-05-05,SE-13,Perlis,N.04 Mata Ayer,1,2S78C,Ammar Gazali,Ammar Gazali,M,Malay,-1,PKR,078-PKR,PKR,7,PR,1750,31.881945709601023,2,lost
2013-05-05,SE-13,Perlis,N.04 Mata Ayer,2,ECXPZ,Cikgu Khairi Bin Hasan,Khairi bin Hasan,M,Malay,56,BN,001-UMNO,UMNO,3,BN,3739,68.11805429039897,1,won
2013-05-05,SE-13,Perlis,N.05 Santan,1,HTKS8,Sabry Bin Ahmad,Sabry bin Ahmad,M,Malay,60,BN,001-UMNO,UMNO,3,BN,4209,57.39023725115898,1,won
2013-05-05,SE-13,Perlis,N.05 Santan,2,NXKZD,Anuar Tahir,Mohd Anuar bin Mohd Tahir,M,Malay,61,PAS,004-PAS,PAS,7,PR,3125,42.609762748841014,2,lost
2013-05-05,SE-13,Perlis,N.06 Bintong,1,66XAN,Rela Binti Ahmad,Rela binti Ahmad,F,Malay,63,BN,001-UMNO,UMNO,3,BN,5255,56.6699018656314,1,won
2013-05-05,SE-13,Perlis,N.06 Bintong,2,9MKCY,Abd Jamil Kamis,Abdul Jamil bin Kamis,M,Malay,53,PAS,004-PAS,PAS,7,PR,4018,43.3300981343686,2,lost
2013-05-05,SE-13,Perlis,N.07 Sena,1,16ANJ,Jamil Bin Saad,Jamil bin Saad,M,Malay,51,BN,001-UMNO,UMNO,3,BN,5418,58.68081880212282,1,won
2013-05-05,SE-13,Perlis,N.07 Sena,2,D29F7,Dato' Ahmad Rizal Effande B. Zainol,Ahmad Rizal Effande bin Zainol,M,Malay,34,BEBAS,000-BEBAS,BEBAS,0,ALONE,321,3.476659807213257,3,lost_deposit
2013-05-05,SE-13,Perlis,N.07 Sena,3,GFZHG,Tuan Marja Binti Tuan Mat,Tuan Marja binti Tuan Mat,F,Malay,44,PKR,078-PKR,PKR,7,PR,3494,37.842521390663926,2,lost
2013-05-05,SE-13,Perlis,N.08 Indera Kayangan,1,BFCWD,Por Choo Chor,Por Choo Chor,M,Chinese,62,BN,003-MCA,MCA,3,BN,3171,40.456749170706814,2,lost
2013-05-05,SE-13,Perlis,N.08 Indera Kayangan,2,KXNKS,Lawyer Ameir,Ameir bin Hassan,M,Malay,63,BEBAS,000-BEBAS,BEBAS,0,ALONE,404,5.154376116356214,3,lost_deposit
2013-05-05,SE-13,Perlis,N.08 Indera Kayangan,3,ERYXY,Chan Ming Kai,Chan Ming Kai,M,Chinese,33,PKR,078-PKR,PKR,7,PR,4263,54.388874712936975,1,won
2013-05-05,SE-13,Perlis,N.09 Kuala Perlis,1,QBBP2,Shaari Bin Ludin,Shaari bin Ludin,M,Malay,-1,BEBAS,000-BEBAS,BEBAS,0,ALONE,191,2.2948456085546076,3,lost_deposit
2013-05-05,SE-13,Perlis,N.09 Kuala Perlis,2,EX2YP,Cikgu Mat Hassan,Mat bin Hassan,M,Malay,50,BN,001-UMNO,UMNO,3,BN,4758,57.16688693980536,1,won
2013-05-05,SE-13,Perlis,N.09 Kuala Perlis,3,TS1RB,Noor Amin Bin Ahmad,Noor Amin bin Ahmad,M,Malay,31,PKR,078-PKR,PKR,7,PR,3374,40.53826745164003,2,lost
2013-05-05,SE-13,Perlis,N.10 Kayang,1,JAS0Z,Ustaz Ya'Akub Bin Abu Seman,Ya'akub bin Abu Seman,M,Malay,43,PAS,004-PAS,PAS,7,PR,3595,45.77285459638401,2,lost
2013-05-05,SE-13,Perlis,N.10 Kayang,2,NRF38,Ahmad Bakri Bin Dato' Ali,Ahmad Bakri bin Ali,M,Malay,57,BN,001-UMNO,UMNO,3,BN,4259,54.22714540361599,1,won
2013-05-05,SE-13,Perlis,N.11 Pauh,1,Y6QTM,Ustaz Idris Yaacob,Idris bin Yaacob,M,Malay,60,PAS,004-PAS,PAS,7,PR,3387,41.52770966159882,2,lost
2013-05-05,SE-13,Perlis,N.11 Pauh,2,1MDWX,Azlan Bin Man,Azlan bin Man,M,Malay,55,BN,001-UMNO,UMNO,3,BN,4769,58.47229033840118,1,won
2013-05-05,SE-13,Perlis,N.12 Tambun Tulang,1,R65TY,Ismail Bin Kasim,Ismail bin Kasim (Chu),M,Malay,54,BN,001-UMNO,UMNO,3,BN,5286,65.3318502039303,1,won
2013-05-05,SE-13,Perlis,N.12 Tambun Tulang,2,523Z6,Azhar Bin Ameir,Azhar bin Ameir,M,Malay,38,PKR,078-PKR,PKR,7,PR,2805,34.668149796069706,2,lost
2013-05-05,SE-13,Perlis,N.13 Guar Sanji,1,8FT1F,Zulmi Sabri,Zulmi bin Sabri,M,Malay,-1,PAS,004-PAS,PAS,7,PR,3308,43.85523001458306,2,lost
2013-05-05,SE-13,Perlis,N.13 Guar Sanji,2,GNTDS,Cikgu Jafperi Bin Othman,Jafperi bin Othman,M,Malay,49,BN,001-UMNO,UMNO,3,BN,4235,56.14476998541694,1,won
2013-05-05,SE-13,Perlis,N.14 Simpang Empat,1,WKV7T,Russele Eizan,Rus'sele bin Eizan,M,Malay,56,PAS,004-PAS,PAS,7,PR,3277,49.35984334990209,2,lost
2013-05-05,SE-13,Perlis,N.14 Simpang Empat,2,BXG3R,Nurulhisham Bin Yaakob,Nurulhisham bin Yaakob,M,Malay,54,BN,001-UMNO,UMNO,3,BN,3362,50.640156650097914,1,won
2013-05-05,SE-13,Perlis,N.15 Sanglang,1,SV4E4,Zainudin Bin Yom,Zainudin bin Yom,M,Malay,50,BEBAS,000-BEBAS,BEBAS,0,ALONE,222,3.0142566191446027,3,lost_deposit
2013-05-05,SE-13,Perlis,N.15 Sanglang,2,FB661,Ustaz Fathul Bari,Fathul Bari bin Mat Jahya,M,Malay,33,BN,001-UMNO,UMNO,3,BN,3511,47.6714188730482,2,lost
2013-05-05,SE-13,Perlis,N.15 Sanglang,3,JRW8A,Cikgu Shukri,Mohd Shukri bin Ramli,M,Malay,52,PAS,004-PAS,PAS,7,PR,3632,49.31432450780719,1,won
2018-05-09,SE-14,Perlis,N.01 Titi Tinggi,1,0QHQN,Kamis Bin Hj Yub,Kamis bin Yub,M,Malay,53,PAS,004-PAS,PAS,9,GS,2291,29.35297885970532,3,lost
2018-05-09,SE-14,Perlis,N.01 Titi Tinggi,2,HMRWZ,Yaacob Bin Man,Yaacob bin Man,M,Malay,59,BEBAS,000-BEBAS,BEBAS,0,ALONE,132,1.6912235746316464,4,lost_deposit
2018-05-09,SE-14,Perlis,N.01 Titi Tinggi,3,457SY,Teh Chai Aan,Teh Chai Aan,M,Chinese,53,BN,003-MCA,MCA,3,BN,2762,35.38757206918642,1,won
2018-05-09,SE-14,Perlis,N.01 Titi Tinggi,4,RG51H,Teh Seng Chuan,Teh Seng Chuan,M,Chinese,46,PKR,021-DAP,DAP,8,PH,2620,33.568225496476614,2,lost
2018-05-09,SE-14,Perlis,N.02 Beseri,1,G275E,Wan Kharizal,Wan Kharizal bin Wan Khazim,M,Malay,56,PKR,046-AMANAH,AMANAH,8,PH,2463,35.87764020393299,2,lost
2018-05-09,SE-14,Perlis,N.02 Beseri,2,7JXW7,Ruzaini Bin Rais,Ruzaini bin Rais,M,Malay,46,BN,001-UMNO,UMNO,3,BN,2879,41.937363437727605,1,won
2018-05-09,SE-14,Perlis,N.02 Beseri,3,FJ279,Ust . Azamhari,Azamhari bin Mohamood,M,Malay,50,PAS,004-PAS,PAS,9,GS,1523,22.184996358339404,3,lost
2018-05-09,SE-14,Perlis,N.03 Chuping,1,81PT4,Poziyah Binti Hamzah,Poziyah binti Hamzah,F,Malay,61,PKR,078-PKR,PKR,8,PH,2522,30.10264979708761,2,lost
2018-05-09,SE-14,Perlis,N.03 Chuping,2,AZ7MP,Hj Mohd Ali Puteh,Mohd Ali bin Puteh,M,Malay,69,PAS,004-PAS,PAS,9,GS,1967,23.47815707806159,3,lost
2018-05-09,SE-14,Perlis,N.03 Chuping,3,ZBH63,Asmaiza Binti Ahmad,Asmaiza binti Ahmad,F,Malay,43,BN,001-UMNO,UMNO,3,BN,3889,46.4191931248508,1,won
2018-05-09,SE-14,Perlis,N.04 Mata Ayer,1,B0KYG,Cikgu Mohammad,Mohammad bin Yahya,M,Malay,61,PAS,004-PAS,PAS,9,GS,1516,24.594419208306295,3,lost
2018-05-09,SE-14,Perlis,N.04 Mata Ayer,2,EEA0S,Lt Kol (B) Hj Azhar Bin Hj Omar,Azhar bin Omar,M,Malay,57,PKR,107-BERSATU,BERSATU,8,PH,1964,31.862426995457493,2,lost
2018-05-09,SE-14,Perlis,N.04 Mata Ayer,3,HW032,Siti Berenee Binti Yahaya,Siti Berenee binti Yahaya,F,Malay,55,BN,001-UMNO,UMNO,3,BN,2684,43.54315379623621,1,won
2018-05-09,SE-14,Perlis,N.05 Santan,1,N9P5B,Cikgu Mazlina Che Yob,Che Mazlina binti Che Yob,F,Malay,55,PKR,046-AMANAH,AMANAH,8,PH,2122,29.144348303804424,2,lost
2018-05-09,SE-14,Perlis,N.05 Santan,2,RQC7M,Azizan Bin Sulaiman,Azizan bin Sulaiman,M,Malay,51,BN,001-UMNO,UMNO,3,BN,3071,42.17827221535504,1,won
2018-05-09,SE-14,Perlis,N.05 Santan,3,JZR9J,Baharuddin Ahmad,Baharuddin Ahmad,M,Malay,62,PAS,004-PAS,PAS,9,GS,2088,28.677379480840543,3,lost
2018-05-09,SE-14,Perlis,N.06 Bintong,1,1MDWX,Dato' Seri Azlan Man,Azlan bin Man,M,Malay,60,BN,001-UMNO,UMNO,3,BN,3986,40.59063136456212,1,won
2018-05-09,SE-14,Perlis,N.06 Bintong,2,W529X,Meri @ Mokhtar Che Kassim,Meri @ Mokhtar bin Che Kassim,M,Malay,52,PKR,046-AMANAH,AMANAH,8,PH,3139,31.965376782077392,2,lost
2018-05-09,SE-14,Perlis,N.06 Bintong,3,9MKCY,Abd Jamil,Abdul Jamil bin Kamis,M,Malay,58,PAS,004-PAS,PAS,9,GS,2695,27.44399185336049,3,lost
2018-05-09,SE-14,Perlis,N.07 Sena,1,ZJRC6,Asrul Nizan Bin Abd Jalil,Asrul Nizan bin Abd Jalil,M,Malay,41,PKR,078-PKR,PKR,8,PH,4177,42.07292506043513,1,won
2018-05-09,SE-14,Perlis,N.07 Sena,2,30EEF,Ustaz Fakhrul Anwar,Fakhrul Anwar bin Ismail,M,Malay,47,PAS,004-PAS,PAS,9,GS,1888,19.016921837228043,3,lost
2018-05-09,SE-14,Perlis,N.07 Sena,3,XRZEJ,Azihani Binti Ali,Azihani binti Ali,F,Malay,-1,BN,001-UMNO,UMNO,3,BN,3863,38.91015310233683,2,lost
2018-05-09,SE-14,Perlis,N.08 Indera Kayangan,1,6E4GR,Gan Ay Ling,Gan Ay Ling,F,Chinese,42,PKR,078-PKR,PKR,8,PH,5023,57.709099264705884,1,won
2018-05-09,SE-14,Perlis,N.08 Indera Kayangan,2,9VTK1,Cikgu Wan Hassan,Wan Hassan bin Ismail,M,Malay,58,PAS,004-PAS,PAS,9,GS,1835,21.082261029411764,3,lost
2018-05-09,SE-14,Perlis,N.08 Indera Kayangan,3,D9GNA,Chuah Tian Hee,Chuah Tian Hee,M,Chinese,49,BN,003-MCA,MCA,3,BN,1846,21.208639705882355,2,lost
2018-05-09,SE-14,Perlis,N.09 Kuala Perlis,1,9TE97,Cikgu Azam,Azam bin Rashid,M,Malay,60,BN,001-UMNO,UMNO,3,BN,2999,36.05433998557345,2,lost
2018-05-09,SE-14,Perlis,N.09 Kuala Perlis,2,GQ6QK,Azam Karap,Nor Azam bin Karap,M,Malay,33,PKR,078-PKR,PKR,8,PH,4253,51.130079345996634,1,won
2018-05-09,SE-14,Perlis,N.09 Kuala Perlis,3,M4WSW,Mohamad Fuat,Mohamad Fuat bin Abu Bakar,M,Malay,57,PAS,004-PAS,PAS,9,GS,1066,12.81558066842991,3,lost
2018-05-09,SE-14,Perlis,N.10 Kayang,1,QJJW5,Hamizan Bin Hassan,Hamizan bin Hassan,M,Malay,43,BN,001-UMNO,UMNO,3,BN,3275,41.09159347553325,1,won
2018-05-09,SE-14,Perlis,N.10 Kayang,2,V08YE,Hj. Radzi Hassan,Md. Radzi bin Hassan,M,Malay,60,PAS,004-PAS,PAS,9,GS,1855,23.27478042659975,3,lost
2018-05-09,SE-14,Perlis,N.10 Kayang,3,YDZ0Q,Abdul Hannaan Bin Khairy,Abdul Hannaan bin Khairy,M,Malay,25,PKR,107-BERSATU,BERSATU,8,PH,2840,35.633626097867,2,lost
2018-05-09,SE-14,Perlis,N.11 Pauh,1,KXNKS,Ameir Lawyer,Ameir bin Hassan,M,Malay,68,PKR,107-BERSATU,BERSATU,8,PH,3421,37.71775082690188,2,lost
2018-05-09,SE-14,Perlis,N.11 Pauh,2,Y6QTM,Ustaz Idris,Idris bin Yaacob,M,Malay,65,PAS,004-PAS,PAS,9,GS,2085,22.98787210584344,3,lost
2018-05-09,SE-14,Perlis,N.11 Pauh,3,1VN30,Rozieana Binti Ahmad,Rozieana binti Ahmad,F,Malay,49,BN,001-UMNO,UMNO,3,BN,3564,39.294377067254686,1,won
2018-05-09,SE-14,Perlis,N.12 Tambun Tulang,1,R65TY,Ismail Kasim (Chu),Ismail bin Kasim (Chu),M,Malay,59,BN,001-UMNO,UMNO,3,BN,4005,45.82379862700229,1,won
2018-05-09,SE-14,Perlis,N.12 Tambun Tulang,2,59B59,Maton Bin Din,Maton bin Din,M,Malay,62,PKR,107-BERSATU,BERSATU,8,PH,2825,32.32265446224256,2,lost
2018-05-09,SE-14,Perlis,N.12 Tambun Tulang,3,D84BG,Dr. Abu Bakar,Abu Bakar bin Ali,M,Malay,71,PAS,004-PAS,PAS,9,GS,1910,21.85354691075515,3,lost
2018-05-09,SE-14,Perlis,N.13 Guar Sanji,1,8Q17J,Ustaz Mohd Ridzuan,Mohd Ridzuan bin Hashim,M,Malay,32,PAS,004-PAS,PAS,9,GS,3199,42.19203376417832,1,won
2018-05-09,SE-14,Perlis,N.13 Guar Sanji,2,C4Q9V,Kak Ida,Baridah binti Che Nayan,F,Malay,53,PKR,107-BERSATU,BERSATU,8,PH,1512,19.941967818517544,3,lost
2018-05-09,SE-14,Perlis,N.13 Guar Sanji,3,FJDC4,Afifi Bin Osman,Afifi bin Osman,M,Malay,54,BN,001-UMNO,UMNO,3,BN,2871,37.86599841730414,2,lost
2018-05-09,SE-14,Perlis,N.14 Simpang Empat,1,WKV7T,Russele Eizan,Rus'sele bin Eizan,M,Malay,61,PAS,004-PAS,PAS,9,GS,2446,35.275454283242,2,lost
2018-05-09,SE-14,Perlis,N.14 Simpang Empat,2,BXG3R,Nurulhisham Bin Yaakob,Nurulhisham bin Yaakob,M,Malay,59,BN,001-UMNO,UMNO,3,BN,2528,36.458032881453704,1,won
2018-05-09,SE-14,Perlis,N.14 Simpang Empat,3,K03ED,Dr. Hakim,Wan Noralhakim bin Shaghir Saad,M,Malay,-1,PKR,078-PKR,PKR,8,PH,1960,28.266512835304297,3,lost
2018-05-09,SE-14,Perlis,N.15 Sanglang,1,PXKA0,Ustaz Zolkharnain Abidin,Zolkharnain bin Abidin,M,Malay,51,PKR,046-AMANAH,AMANAH,8,PH,1379,18.944910015111965,3,lost
2018-05-09,SE-14,Perlis,N.15 Sanglang,2,JRW8A,Cikgu Shukri,Mohd Shukri bin Ramli,M,Malay,57,PAS,004-PAS,PAS,9,GS,2971,40.816046160186836,1,won
2018-05-09,SE-14,Perlis,N.15 Sanglang,3,PDSGP,Che Zaidi Bin Saidin,Che Zaidi bin Saidin,M,Malay,47,BN,001-UMNO,UMNO,3,BN,2929,40.23904382470119,2,lost
2022-11-19,SE-15,Perlis,N.01 Titi Tinggi,1,N2EZ8,Khaw Hock Kong,Khaw Hock Kong,M,Chinese,58,WARISAN,104-WARISAN,WARISAN,0,ALONE,81,0.8448941274642746,6,lost_deposit
2022-11-19,SE-15,Perlis,N.01 Titi Tinggi,2,RG51H,Teh Seng Chuan,Teh Seng Chuan,M,Chinese,50,PH,021-DAP,DAP,8,PH,1512,15.771357045999792,3,lost
2022-11-19,SE-15,Perlis,N.01 Titi Tinggi,3,DH2PP,Izizam Bin Ibrahim (Adi),Izizam bin Ibrahim,M,Malay,51,PN,107-BERSATU,BERSATU,11,PN,5601,58.422864295400025,1,won
2022-11-19,SE-15,Perlis,N.01 Titi Tinggi,4,CMH35,Zahidi Bin Zainul Abidin,Zahidi bin Zainul Abidin,M,Malay,61,BEBAS,000-BEBAS,BEBAS,0,ALONE,425,4.433086471263168,4,lost_deposit
2022-11-19,SE-15,Perlis,N.01 Titi Tinggi,5,05AS4,Shahril (Caen),Shahril (Caen),M,Malay,44,PEJUANG,119-PEJUANG,PEJUANG,12,GTA,152,1.585480337957651,5,lost_deposit
2022-11-19,SE-15,Perlis,N.01 Titi Tinggi,6,457SY,Teh Chai Aan,Teh Chai Aan,M,Chinese,57,BN,003-MCA,MCA,3,BN,1816,18.942317721915096,2,lost
2022-11-19,SE-15,Perlis,N.02 Beseri,1,3K0VD,Cikgu Mat Safar,Mat Safar bin Saad,M,Malay,59,PH,046-AMANAH,AMANAH,8,PH,1684,19.108135708612277,3,lost
2022-11-19,SE-15,Perlis,N.02 Beseri,2,70PXP,Haziq Asyraf Dun,Haziq Asyraf bin Dun,M,Malay,31,PN,004-PAS,PAS,11,PN,4040,45.8413707023715,1,won
2022-11-19,SE-15,Perlis,N.02 Beseri,3,7JXW7,Ruzaini Bin Rais,Ruzaini bin Rais,M,Malay,50,BN,001-UMNO,UMNO,3,BN,2993,33.96119369113809,2,lost
2022-11-19,SE-15,Perlis,N.02 Beseri,4,AECZZ,Shamim Nordin,Mohd Shamim bin M Nordin,M,Malay,31,WARISAN,104-WARISAN,WARISAN,0,ALONE,96,1.0892998978781345,4,lost_deposit
2022-11-19,SE-15,Perlis,N.03 Chuping,1,DW328,Natthavuth Seng,Natthavuth Seng,M,Other,26,PH,078-PKR,PKR,8,PH,1602,14.659590043923865,3,lost
2022-11-19,SE-15,Perlis,N.03 Chuping,2,H9S4H,Hj Saad Bin Seman,Saad bin Seman,M,Malay,63,PN,004-PAS,PAS,11,PN,5873,53.74267935578331,1,won
2022-11-19,SE-15,Perlis,N.03 Chuping,3,ZBH63,Asmaiza Binti Ahmad,Asmaiza binti Ahmad,F,Malay,47,BN,001-UMNO,UMNO,3,BN,3453,31.597730600292827,2,lost
2022-11-19,SE-15,Perlis,N.04 Mata Ayer,1,MQF6T,Wan Badariah Binti Wan Saad,Wan Badariah binti Wan Saad,F,Malay,46,PN,004-PAS,PAS,11,PN,4419,58.060701616081985,1,won
2022-11-19,SE-15,Perlis,N.04 Mata Ayer,2,R5593,Amran Bin Kamarudin,Amran bin Kamarudin,M,Malay,58,PH,078-PKR,PKR,8,PH,794,10.432269084220207,3,lost_deposit
2022-11-19,SE-15,Perlis,N.04 Mata Ayer,3,HW032,Siti Berenee,Siti Berenee binti Yahaya,F,Malay,59,BN,001-UMNO,UMNO,3,BN,2398,31.50702929969781,2,lost
2022-11-19,SE-15,Perlis,N.05 Santan,1,N9P5B,Cikgu Mazlina,Che Mazlina binti Che Yob,F,Malay,59,PH,046-AMANAH,AMANAH,8,PH,1030,12.224068359838595,3,lost_deposit
2022-11-19,SE-15,Perlis,N.05 Santan,2,VJVBC,Ustaz Azmir,Muhammad Azmir bin Azizan,M,Malay,42,PN,004-PAS,PAS,11,PN,4752,56.39686684073107,1,won
2022-11-19,SE-15,Perlis,N.05 Santan,3,RQC7M,Azizan Sulaiman,Azizan bin Sulaiman,M,Malay,55,BN,001-UMNO,UMNO,3,BN,2644,31.379064799430335,2,lost
2022-11-19,SE-15,Perlis,N.06 Bintong,1,Z0HDN,Shazwan Bin Suban,Shazwan bin Suban,M,Malay,-1,PEJUANG,119-PEJUANG,PEJUANG,12,GTA,157,1.2341797028535493,4,lost_deposit
2022-11-19,SE-15,Perlis,N.06 Bintong,2,1MDWX,Azlan Man,Azlan bin Man,M,Malay,64,BN,001-UMNO,UMNO,3,BN,2996,23.551607578020594,2,lost
2022-11-19,SE-15,Perlis,N.06 Bintong,3,2E7FY,Cikgu Azhari,Azhari bin Ahmad,M,Malay,58,PH,046-AMANAH,AMANAH,8,PH,2029,15.950003930508608,3,lost
2022-11-19,SE-15,Perlis,N.06 Bintong,4,5VXJ7,Datuk Hashim Suboh,Hashim bin Suboh,M,Malay,63,BEBAS,000-BEBAS,BEBAS,0,ALONE,157,1.2341797028535493,4,lost_deposit
2022-11-19,SE-15,Perlis,N.06 Bintong,5,99KMG,Mohamad Khair Bin Mohd Noor,Mohamad Khair bin Mohd Noor,M,Malay,62,WARISAN,104-WARISAN,WARISAN,0,ALONE,57,0.448077981290779,6,lost_deposit
2022-11-19,SE-15,Perlis,N.06 Bintong,6,30EEF,Fakhrul Anwar Bin Ismail,Fakhrul Anwar bin Ismail,M,Malay,51,PN,004-PAS,PAS,11,PN,7325,57.581951104472914,1,won
2022-11-19,SE-15,Perlis,N.07 Sena,1,CQ9PS,Saiful Daniel Mohd Yusof,Saiful Daniel bin Mohd Yusof,M,Malay,-1,BN,001-UMNO,UMNO,3,BN,2619,22.28367225389262,3,lost
2022-11-19,SE-15,Perlis,N.07 Sena,2,ZJRC6,Asrul Nizan Hj Abd Jalil,Asrul Nizan bin Abd Jalil,M,Malay,45,PH,078-PKR,PKR,8,PH,3356,28.554411639581385,2,lost
2022-11-19,SE-15,Perlis,N.07 Sena,3,G4ZS2,Marzita Binti Mansor,Marzita binti Mansor,F,Malay,51,PN,107-BERSATU,BERSATU,11,PN,5556,47.273036671488136,1,won
2022-11-19,SE-15,Perlis,N.07 Sena,4,KJNVB,Mohd Faizal Bin Yunus,Mohd Faizal bin Yunus,M,Malay,37,PEJUANG,119-PEJUANG,PEJUANG,12,GTA,222,1.8888794350378626,4,lost_deposit
2022-11-19,SE-15,Perlis,N.08 Indera Kayangan,1,6E4GR,Gan Ay Ling,Gan Ay Ling,F,Chinese,46,PH,078-PKR,PKR,8,PH,4830,46.41999038923594,1,won
2022-11-19,SE-15,Perlis,N.08 Indera Kayangan,2,Q0BXM,Lim Weng Khee,Lim Weng Khee,M,Chinese,39,BN,003-MCA,MCA,3,BN,1882,18.087457952907258,3,lost
2022-11-19,SE-15,Perlis,N.08 Indera Kayangan,3,TE1ZX,Pramoot A/L Puan,Pramoot a/l Puan,M,Other,52,PN,107-BERSATU,BERSATU,11,PN,2957,28.419029312830368,2,lost
2022-11-19,SE-15,Perlis,N.08 Indera Kayangan,4,YA5V8,Atan Bin Jasin,Atan bin Jasin,M,Malay,44,WARISAN,104-WARISAN,WARISAN,0,ALONE,736,7.07352234502643,4,lost_deposit
2022-11-19,SE-15,Perlis,N.09 Kuala Perlis,1,XVR26,Azahar Bin Ahmad,Azahar bin Ahmad,M,Malay,-1,BEBAS,000-BEBAS,BEBAS,0,ALONE,2197,20.590440487347703,3,lost
2022-11-19,SE-15,Perlis,N.09 Kuala Perlis,2,19E4F,Abu Bakar Bin Hamzah,Abu Bakar bin Hamzah,M,Malay,-1,PN,107-BERSATU,BERSATU,11,PN,3207,30.056232427366446,1,won
2022-11-19,SE-15,Perlis,N.09 Kuala Perlis,3,4Q46R,Muhamad Hairi Bin Noordin,Muhamad Hairi bin Noordin,M,Malay,-1,WARISAN,104-WARISAN,WARISAN,0,ALONE,68,0.6373008434864105,5,lost_deposit
2022-11-19,SE-15,Perlis,N.09 Kuala Perlis,4,84T91,Kamarudin Bin Malek,Kamarudin bin Malek,M,Malay,62,BN,001-UMNO,UMNO,3,BN,2145,20.103092783505154,4,lost
2022-11-19,SE-15,Perlis,N.09 Kuala Perlis,5,GQ6QK,Azam Karap,Nor Azam bin Karap,M,Malay,37,PH,078-PKR,PKR,8,PH,3053,28.612933458294282,2,lost
2022-11-19,SE-15,Perlis,N.10 Kayang,1,BJGBA,Ustaz Asrul Aimran,Asrul Aimran bin Abdul Jalil,M,Malay,39,PN,004-PAS,PAS,11,PN,6178,58.305020762551905,1,won
2022-11-19,SE-15,Perlis,N.10 Kayang,2,QJJW5,Hamizan Bin Hassan,Hamizan bin Hassan,M,Malay,47,BN,001-UMNO,UMNO,3,BN,2917,27.52925632314081,2,lost
2022-11-19,SE-15,Perlis,N.10 Kayang,3,G275E,Wan Kharizal,Wan Kharizal bin Wan Khazim,M,Malay,60,PH,046-AMANAH,AMANAH,8,PH,1400,13.21253303133258,3,lost
2022-11-19,SE-15,Perlis,N.10 Kayang,4,F06DK,Khairuddin Bin Abdullah,Khairuddin bin Abdullah,M,Malay,-1,WARISAN,104-WARISAN,WARISAN,0,ALONE,101,0.9531898829747074,4,lost_deposit
2022-11-19,SE-15,Perlis,N.11 Pauh,1,JDWFW,Cikgu Megat Hashirat,Megat Hashirat bin Hassan,M,Malay,60,PN,107-BERSATU,BERSATU,11,PN,4924,44.18124719605204,1,won
2022-11-19,SE-15,Perlis,N.11 Pauh,2,523Z6,Azhar Bin Ameir,Azhar bin Ameir,M,Malay,47,PH,078-PKR,PKR,8,PH,2369,21.2561686855092,3,lost
2022-11-19,SE-15,Perlis,N.11 Pauh,3,NVJJ5,Syed Atif,Syed Atif bin Syed Abu Bakar,M,Malay,-1,BN,001-UMNO,UMNO,3,BN,2695,24.18124719605204,2,lost
2022-11-19,SE-15,Perlis,N.11 Pauh,4,S98ME,Mohd Khalid Ahmad,Mohd Khalid bin Ahmad,M,Malay,68,WARISAN,104-WARISAN,WARISAN,0,ALONE,1157,10.381336922386721,4,lost_deposit
2022-11-19,SE-15,Perlis,N.12 Tambun Tulang,1,WPYPQ,Zikri,Wan Zikri bin Afthar Ishak,M,Malay,35,PN,107-BERSATU,BERSATU,11,PN,5456,53.684935550526426,1,won
2022-11-19,SE-15,Perlis,N.12 Tambun Tulang,2,R65TY,Ismail Bin Kasim (Chu),Ismail bin Kasim (Chu),M,Malay,63,BN,001-UMNO,UMNO,3,BN,2971,29.233494047033354,2,lost
2022-11-19,SE-15,Perlis,N.12 Tambun Tulang,3,04MS0,Syahmi Suhaimi,Muhammad Syahmi bin Suhaimi,M,Malay,23,PH,078-PKR,PKR,8,PH,1554,15.290760602184395,3,lost
2022-11-19,SE-15,Perlis,N.12 Tambun Tulang,4,59B59,Maton Bin Din,Maton bin Din,M,Malay,66,PEJUANG,119-PEJUANG,PEJUANG,12,GTA,182,1.79080980025583,4,lost_deposit
2022-11-19,SE-15,Perlis,N.13 Guar Sanji,1,3JAV9,Hasparizal Bin Hassan,Hasparizal bin Hassan,M,Malay,43,PH,078-PKR,PKR,8,PH,601,6.638683309400199,3,lost_deposit
2022-11-19,SE-15,Perlis,N.13 Guar Sanji,2,8Q17J,Ustaz Ridzuan Bin Hashim,Mohd Ridzuan bin Hashim,M,Malay,36,PN,004-PAS,PAS,11,PN,6717,74.1963989837623,1,won
2022-11-19,SE-15,Perlis,N.13 Guar Sanji,3,700XJ,Abdul Malik Bin Abdullah,Abdul Malik bin Abdullah,M,Malay,-1,PEJUANG,119-PEJUANG,PEJUANG,12,GTA,119,1.314481387385397,4,lost_deposit
2022-11-19,SE-15,Perlis,N.13 Guar Sanji,4,1VN30,Rozieana Binti Ahmad,Rozieana binti Ahmad,F,Malay,53,BN,001-UMNO,UMNO,3,BN,1616,17.850436319452115,2,lost
2022-11-19,SE-15,Perlis,N.14 Simpang Empat,1,BXG3R,Nurulhisham,Nurulhisham bin Yaakob,M,Malay,63,BN,001-UMNO,UMNO,3,BN,1380,17.005545286506468,2,lost
2022-11-19,SE-15,Perlis,N.14 Simpang Empat,2,ADPZV,Amran Bin Darus,Amran bin Darus,M,Malay,-1,PH,078-PKR,PKR,8,PH,1111,13.690696241528036,3,lost
2022-11-19,SE-15,Perlis,N.14 Simpang Empat,3,DVD24,Izhar Sudin,Izhar Kamarudin bin Sudin,M,Malay,-1,PEJUANG,119-PEJUANG,PEJUANG,12,GTA,73,0.8995686999383858,5,lost_deposit
2022-11-19,SE-15,Perlis,N.14 Simpang Empat,4,K03ED,Dr. Hakim Saad,Wan Noralhakim bin Shaghir Saad,M,Malay,-1,WARISAN,104-WARISAN,WARISAN,0,ALONE,35,0.43130006161429446,6,lost_deposit
2022-11-19,SE-15,Perlis,N.14 Simpang Empat,5,H934D,Haji Razali Saad,Razali bin Saad,M,Malay,57,PN,004-PAS,PAS,11,PN,5388,66.39556377079484,1,won
2022-11-19,SE-15,Perlis,N.14 Simpang Empat,6,MPS6P,Ammar Bin Hassan,Ammar bin Hassan,M,Malay,59,BEBAS,000-BEBAS,BEBAS,0,ALONE,128,1.5773259396179913,4,lost_deposit
2022-11-19,SE-15,Perlis,N.15 Sanglang,1,SV4E4,Zainudin Bin Yom,Zainudin bin Yom,M,Malay,59,WARISAN,104-WARISAN,WARISAN,0,ALONE,408,4.9598832968636035,4,lost_deposit
2022-11-19,SE-15,Perlis,N.15 Sanglang,2,R4F8Z,Dr. Ahmad Fadhzil Mohamad,Ahmad Fadhzil bin Mohamad,M,Malay,37,PH,046-AMANAH,AMANAH,8,PH,931,11.317772915147096,3,lost_deposit
2022-11-19,SE-15,Perlis,N.15 Sanglang,3,VJ5B8,Budin,Sharifudin bin Ahmad,M,Malay,62,BN,001-UMNO,UMNO,3,BN,1776,21.590080233406272,2,lost
2022-11-19,SE-15,Perlis,N.15 Sanglang,4,JRW8A,Cikgu Shukri,Mohd Shukri bin Ramli,M,Malay,61,PN,004-PAS,PAS,11,PN,5111,62.132263554583034,1,won
